[{"model": "corebookmodels.genre", "pk": 2, "fields": {"created_by": 1, "is_active": true, "created_on": null, "updated_on": null, "name": "Fiction"}}, {"model": "corebookmodels.genre", "pk": 3, "fields": {"created_by": 1, "is_active": true, "created_on": null, "updated_on": null, "name": "Self help"}}, {"model": "corebookmodels.genre", "pk": 4, "fields": {"created_by": 1, "is_active": true, "created_on": null, "updated_on": null, "name": "Biography and Memoirs"}}, {"model": "corebookmodels.genre", "pk": 5, "fields": {"created_by": 1, "is_active": true, "created_on": null, "updated_on": null, "name": "Non-fiction"}}, {"model": "corebookmodels.genre", "pk": 6, "fields": {"created_by": 1, "is_active": true, "created_on": null, "updated_on": null, "name": "Science fiction"}}, {"model": "corebookmodels.genre", "pk": 8, "fields": {"created_by": 1, "is_active": true, "created_on": null, "updated_on": null, "name": "Historical Fiction"}}, {"model": "corebookmodels.genre", "pk": 9, "fields": {"created_by": 1, "is_active": true, "created_on": null, "updated_on": null, "name": "Suspense and Thriller"}}, {"model": "corebookmodels.genre", "pk": 10, "fields": {"created_by": 1, "is_active": true, "created_on": null, "updated_on": null, "name": "Fantasy"}}, {"model": "corebookmodels.genre", "pk": 11, "fields": {"created_by": 1, "is_active": true, "created_on": null, "updated_on": null, "name": "Romance"}}, {"model": "corebookmodels.genre", "pk": 12, "fields": {"created_by": 1, "is_active": true, "created_on": null, "updated_on": null, "name": "Classic"}}, {"model": "corebookmodels.genre", "pk": 13, "fields": {"created_by": 1, "is_active": true, "created_on": null, "updated_on": null, "name": "Short stories"}}, {"model": "corebookmodels.genre", "pk": 14, "fields": {"created_by": 1, "is_active": true, "created_on": null, "updated_on": null, "name": "Young adult fiction"}}, {"model": "corebookmodels.genre", "pk": 15, "fields": {"created_by": 1, "is_active": true, "created_on": null, "updated_on": null, "name": "Magical Realism"}}, {"model": "corebookmodels.genre", "pk": 16, "fields": {"created_by": 1, "is_active": true, "created_on": null, "updated_on": null, "name": "Action and Adventure"}}, {"model": "corebookmodels.genre", "pk": 17, "fields": {"created_by": 1, "is_active": true, "created_on": null, "updated_on": null, "name": "Detective and Mystery"}}, {"model": "corebookmodels.genre", "pk": 18, "fields": {"created_by": 1, "is_active": true, "created_on": null, "updated_on": null, "name": "Horror"}}, {"model": "corebookmodels.genre", "pk": 19, "fields": {"created_by": 1, "is_active": true, "created_on": null, "updated_on": null, "name": "Literary Fiction"}}, {"model": "corebookmodels.genre", "pk": 21, "fields": {"created_by": 1, "is_active": true, "created_on": null, "updated_on": null, "name": "History"}}, {"model": "corebookmodels.genre", "pk": 22, "fields": {"created_by": 1, "is_active": true, "created_on": null, "updated_on": null, "name": "Poetry"}}, {"model": "corebookmodels.genre", "pk": 23, "fields": {"created_by": 1, "is_active": true, "created_on": null, "updated_on": null, "name": "True Crime"}}, {"model": "corebookmodels.genre", "pk": 24, "fields": {"created_by": 1, "is_active": true, "created_on": null, "updated_on": null, "name": "Dystopian"}}, {"model": "corebookmodels.genre", "pk": 25, "fields": {"created_by": 1, "is_active": true, "created_on": null, "updated_on": null, "name": "Business and Money"}}, {"model": "corebookmodels.genre", "pk": 26, "fields": {"created_by": 1, "is_active": true, "created_on": null, "updated_on": null, "name": "Politics and Social Sciences"}}, {"model": "corebookmodels.genre", "pk": 27, "fields": {"created_by": 1, "is_active": true, "created_on": null, "updated_on": null, "name": "Art"}}, {"model": "corebookmodels.genre", "pk": 28, "fields": {"created_by": 1, "is_active": true, "created_on": null, "updated_on": null, "name": "Contemporary"}}, {"model": "corebookmodels.genre", "pk": 29, "fields": {"created_by": 1, "is_active": true, "created_on": null, "updated_on": null, "name": "Crime"}}, {"model": "corebookmodels.genre", "pk": 30, "fields": {"created_by": 1, "is_active": true, "created_on": null, "updated_on": null, "name": "Graphic Novels"}}, {"model": "corebookmodels.genre", "pk": 31, "fields": {"created_by": 1, "is_active": true, "created_on": null, "updated_on": null, "name": "Humor and Comedy"}}, {"model": "corebookmodels.genre", "pk": 32, "fields": {"created_by": 1, "is_active": true, "created_on": null, "updated_on": null, "name": "Philosophy"}}, {"model": "corebookmodels.genre", "pk": 33, "fields": {"created_by": 1, "is_active": true, "created_on": null, "updated_on": null, "name": "Psychology"}}, {"model": "corebookmodels.genre", "pk": 34, "fields": {"created_by": 1, "is_active": true, "created_on": null, "updated_on": null, "name": "Religion and Sprituality"}}, {"model": "corebookmodels.genre", "pk": 35, "fields": {"created_by": 1, "is_active": true, "created_on": null, "updated_on": null, "name": "Sports"}}, {"model": "corebookmodels.genre", "pk": 36, "fields": {"created_by": 1, "is_active": true, "created_on": null, "updated_on": null, "name": "Travel"}}, {"model": "corebookmodels.genre", "pk": 37, "fields": {"created_by": 1, "is_active": true, "created_on": null, "updated_on": null, "name": "Mythology"}}, {"model": "corebookmodels.genre", "pk": 38, "fields": {"created_by": 1, "is_active": true, "created_on": null, "updated_on": null, "name": "Fairy Tale"}}, {"model": "corebookmodels.genre", "pk": 39, "fields": {"created_by": 1, "is_active": true, "created_on": null, "updated_on": null, "name": "Science"}}, {"model": "corebookmodels.genre", "pk": 40, "fields": {"created_by": 1, "is_active": true, "created_on": null, "updated_on": null, "name": "Health"}}, {"model": "corebookmodels.genre", "pk": 41, "fields": {"created_by": 1, "is_active": true, "created_on": null, "updated_on": null, "name": "Literature"}}, {"model": "corebookmodels.genre", "pk": 42, "fields": {"created_by": 1, "is_active": true, "created_on": null, "updated_on": null, "name": "Realistic Fiction"}}, {"model": "corebookmodels.genre", "pk": 43, "fields": {"created_by": 1, "is_active": true, "created_on": null, "updated_on": null, "name": "Literary Criticism"}}, {"model": "corebookmodels.genre", "pk": 44, "fields": {"created_by": 1, "is_active": true, "created_on": null, "updated_on": null, "name": "Novel"}}, {"model": "corebookmodels.genre", "pk": 45, "fields": {"created_by": 1, "is_active": true, "created_on": null, "updated_on": null, "name": "Legal fiction"}}, {"model": "corebookmodels.genre", "pk": 46, "fields": {"created_by": 1, "is_active": true, "created_on": null, "updated_on": null, "name": "Coming of age story"}}, {"model": "corebookmodels.genre", "pk": 47, "fields": {"created_by": 1, "is_active": true, "created_on": "2020-09-18T05:40:08.158Z", "updated_on": "2020-09-18T05:40:08.158Z", "name": "Philosophical fiction"}}, {"model": "corebookmodels.genre", "pk": 48, "fields": {"created_by": 1, "is_active": true, "created_on": "2020-09-18T07:01:48.794Z", "updated_on": "2020-09-18T07:01:48.794Z", "name": "Political Fiction"}}, {"model": "corebookmodels.genre", "pk": 49, "fields": {"created_by": 1, "is_active": true, "created_on": "2020-09-18T08:15:22.781Z", "updated_on": "2020-09-18T08:15:22.781Z", "name": "Essay"}}, {"model": "corebookmodels.genre", "pk": 50, "fields": {"created_by": 1, "is_active": true, "created_on": "2020-09-18T08:54:07.932Z", "updated_on": "2020-09-18T08:54:07.932Z", "name": "Psychological Fiction"}}, {"model": "corebookmodels.genre", "pk": 51, "fields": {"created_by": 1, "is_active": true, "created_on": "2020-09-18T09:31:08.065Z", "updated_on": "2020-09-18T09:31:08.065Z", "name": "Political Satire"}}, {"model": "corebookmodels.genre", "pk": 52, "fields": {"created_by": 1, "is_active": true, "created_on": "2020-09-18T09:55:05.821Z", "updated_on": "2020-09-18T09:55:05.821Z", "name": "Spy Fiction"}}, {"model": "corebookmodels.genre", "pk": 53, "fields": {"created_by": 1, "is_active": true, "created_on": "2020-09-18T10:28:21.170Z", "updated_on": "2020-09-18T10:28:21.170Z", "name": "Post-colonial"}}, {"model": "corebookmodels.genre", "pk": 54, "fields": {"created_by": 1, "is_active": true, "created_on": "2020-09-18T10:46:21.569Z", "updated_on": "2020-09-18T10:46:21.569Z", "name": "Anthology"}}, {"model": "corebookmodels.language", "pk": 1, "fields": {"created_by": 1, "is_active": true, "created_on": null, "updated_on": null, "name": "English"}}, {"model": "corebookmodels.language", "pk": 2, "fields": {"created_by": 1, "is_active": true, "created_on": null, "updated_on": null, "name": "Nepali"}}, {"model": "corebookmodels.bookmaincategory", "pk": 1, "fields": {"created_by": 1, "is_active": true, "created_on": "2020-09-16T17:58:42.497Z", "updated_on": "2020-09-16T17:58:42.497Z", "name": "Fiction & Literature"}}, {"model": "corebookmodels.bookmaincategory", "pk": 2, "fields": {"created_by": 1, "is_active": true, "created_on": "2020-09-16T17:59:13.117Z", "updated_on": "2020-09-16T17:59:13.117Z", "name": "Biography & Memoir"}}, {"model": "corebookmodels.bookmaincategory", "pk": 3, "fields": {"created_by": 1, "is_active": true, "created_on": "2020-09-16T17:59:42.950Z", "updated_on": "2020-09-20T16:26:16.691Z", "name": "Self Help"}}, {"model": "corebookmodels.bookmaincategory", "pk": 4, "fields": {"created_by": 1, "is_active": true, "created_on": "2020-09-16T18:00:54.820Z", "updated_on": "2020-09-16T18:00:54.820Z", "name": "Poetry"}}, {"model": "corebookmodels.bookmaincategory", "pk": 5, "fields": {"created_by": 1, "is_active": true, "created_on": "2020-09-16T18:02:08.587Z", "updated_on": "2020-09-16T18:02:08.587Z", "name": "Religion and Mythology"}}, {"model": "corebookmodels.bookmaincategory", "pk": 6, "fields": {"created_by": 1, "is_active": true, "created_on": "2020-09-16T18:03:23.800Z", "updated_on": "2020-09-16T18:03:23.800Z", "name": "History"}}, {"model": "corebookmodels.bookmaincategory", "pk": 7, "fields": {"created_by": 1, "is_active": true, "created_on": "2020-09-16T18:04:37.157Z", "updated_on": "2020-09-16T18:04:37.157Z", "name": "Education and Reference"}}, {"model": "corebookmodels.bookmaincategory", "pk": 9, "fields": {"created_by": 1, "is_active": true, "created_on": "2020-09-18T18:37:52.539Z", "updated_on": "2020-09-18T18:37:52.539Z", "name": "deleted"}}, {"model": "corebookmodels.bookcategory", "pk": 1, "fields": {"created_by": 1, "is_active": true, "created_on": "2020-09-16T18:09:22.097Z", "updated_on": "2020-09-16T18:09:22.097Z", "name": "Action and Adventure", "belongs_to": 1}}, {"model": "corebookmodels.bookcategory", "pk": 2, "fields": {"created_by": 1, "is_active": true, "created_on": "2020-09-16T18:09:39.219Z", "updated_on": "2020-09-16T18:09:39.219Z", "name": "Classic", "belongs_to": 1}}, {"model": "corebookmodels.bookcategory", "pk": 3, "fields": {"created_by": 1, "is_active": true, "created_on": "2020-09-16T18:09:58.992Z", "updated_on": "2020-09-16T18:09:58.992Z", "name": "Fantasy", "belongs_to": 1}}, {"model": "corebookmodels.bookcategory", "pk": 4, "fields": {"created_by": 1, "is_active": true, "created_on": "2020-09-16T18:10:18.884Z", "updated_on": "2020-09-16T18:10:18.885Z", "name": "Horror", "belongs_to": 1}}, {"model": "corebookmodels.bookcategory", "pk": 5, "fields": {"created_by": 1, "is_active": true, "created_on": "2020-09-16T18:10:25.356Z", "updated_on": "2020-09-16T18:10:25.356Z", "name": "Humor", "belongs_to": 1}}, {"model": "corebookmodels.bookcategory", "pk": 6, "fields": {"created_by": 1, "is_active": true, "created_on": "2020-09-16T18:12:04.131Z", "updated_on": "2020-09-16T18:12:04.131Z", "name": "Sci-Fi & Fantasy", "belongs_to": 1}}, {"model": "corebookmodels.bookcategory", "pk": 7, "fields": {"created_by": 1, "is_active": true, "created_on": "2020-09-16T18:12:23.479Z", "updated_on": "2020-09-16T18:12:23.479Z", "name": "Romance", "belongs_to": 1}}, {"model": "corebookmodels.bookcategory", "pk": 8, "fields": {"created_by": 1, "is_active": true, "created_on": "2020-09-16T18:12:46.440Z", "updated_on": "2020-09-16T18:12:46.440Z", "name": "Mystery", "belongs_to": 1}}, {"model": "corebookmodels.bookcategory", "pk": 9, "fields": {"created_by": 1, "is_active": true, "created_on": "2020-09-16T18:13:12.024Z", "updated_on": "2020-09-16T18:13:12.024Z", "name": "Modern Classic", "belongs_to": 1}}, {"model": "corebookmodels.bookcategory", "pk": 10, "fields": {"created_by": 1, "is_active": true, "created_on": "2020-09-16T18:19:37.585Z", "updated_on": "2020-09-16T18:19:37.585Z", "name": "Nepali Literature", "belongs_to": 1}}, {"model": "corebookmodels.bookcategory", "pk": 11, "fields": {"created_by": 1, "is_active": true, "created_on": "2020-09-16T18:21:39.830Z", "updated_on": "2020-09-16T18:21:39.830Z", "name": "Autobiography", "belongs_to": 2}}, {"model": "corebookmodels.bookcategory", "pk": 12, "fields": {"created_by": 1, "is_active": true, "created_on": "2020-09-16T18:21:56.310Z", "updated_on": "2020-09-16T18:21:56.310Z", "name": "Biography", "belongs_to": 2}}, {"model": "corebookmodels.bookcategory", "pk": 13, "fields": {"created_by": 1, "is_active": true, "created_on": "2020-09-16T18:24:23.006Z", "updated_on": "2020-09-16T18:24:23.006Z", "name": "Memoir", "belongs_to": 2}}, {"model": "corebookmodels.bookcategory", "pk": 14, "fields": {"created_by": 1, "is_active": true, "created_on": "2020-09-16T18:24:58.797Z", "updated_on": "2020-09-16T18:24:58.797Z", "name": "Self Help", "belongs_to": 3}}, {"model": "corebookmodels.bookcategory", "pk": 15, "fields": {"created_by": 1, "is_active": true, "created_on": "2020-09-16T18:25:06.461Z", "updated_on": "2020-09-16T18:25:06.461Z", "name": "Leadership", "belongs_to": 3}}, {"model": "corebookmodels.bookcategory", "pk": 16, "fields": {"created_by": 1, "is_active": true, "created_on": "2020-09-16T18:25:16.540Z", "updated_on": "2020-09-16T18:25:16.540Z", "name": "Inspiration", "belongs_to": 3}}, {"model": "corebookmodels.bookcategory", "pk": 17, "fields": {"created_by": 1, "is_active": true, "created_on": "2020-09-16T18:26:18.675Z", "updated_on": "2020-09-16T18:26:18.675Z", "name": "Personal Management", "belongs_to": 3}}, {"model": "corebookmodels.bookcategory", "pk": 18, "fields": {"created_by": 1, "is_active": true, "created_on": "2020-09-16T18:27:19.762Z", "updated_on": "2020-09-16T18:27:19.762Z", "name": "Hinduism", "belongs_to": 5}}, {"model": "corebookmodels.bookcategory", "pk": 19, "fields": {"created_by": 1, "is_active": true, "created_on": "2020-09-16T18:27:25.717Z", "updated_on": "2020-09-16T18:27:25.717Z", "name": "Buddhism", "belongs_to": 5}}, {"model": "corebookmodels.bookcategory", "pk": 20, "fields": {"created_by": 1, "is_active": true, "created_on": "2020-09-16T18:28:09.981Z", "updated_on": "2020-09-16T18:28:09.981Z", "name": "Mythology", "belongs_to": 5}}, {"model": "corebookmodels.bookcategory", "pk": 21, "fields": {"created_by": 1, "is_active": true, "created_on": "2020-09-16T18:28:20.919Z", "updated_on": "2020-09-16T18:28:20.919Z", "name": "Gods and Goddesses", "belongs_to": 5}}, {"model": "corebookmodels.bookcategory", "pk": 22, "fields": {"created_by": 1, "is_active": true, "created_on": "2020-09-16T18:29:36.708Z", "updated_on": "2020-09-16T18:29:36.708Z", "name": "Ancient", "belongs_to": 6}}, {"model": "corebookmodels.bookcategory", "pk": 23, "fields": {"created_by": 1, "is_active": true, "created_on": "2020-09-16T18:29:43.114Z", "updated_on": "2020-09-16T18:29:43.114Z", "name": "Modern History", "belongs_to": 6}}, {"model": "corebookmodels.bookcategory", "pk": 24, "fields": {"created_by": 1, "is_active": true, "created_on": "2020-09-16T18:30:23.488Z", "updated_on": "2020-09-16T18:30:23.488Z", "name": "General Knowledge", "belongs_to": 7}}, {"model": "corebookmodels.bookcategory", "pk": 25, "fields": {"created_by": 1, "is_active": true, "created_on": "2020-09-16T18:30:28.849Z", "updated_on": "2020-09-16T18:30:28.849Z", "name": "Society and Culture", "belongs_to": 7}}, {"model": "corebookmodels.bookcategory", "pk": 26, "fields": {"created_by": 1, "is_active": true, "created_on": "2020-09-16T18:30:37.225Z", "updated_on": "2020-09-16T18:30:37.225Z", "name": "Psychology", "belongs_to": 7}}, {"model": "corebookmodels.bookcategory", "pk": 27, "fields": {"created_by": 1, "is_active": true, "created_on": "2020-09-16T18:30:49.051Z", "updated_on": "2020-09-16T18:30:49.051Z", "name": "Photography", "belongs_to": 7}}, {"model": "corebookmodels.bookcategory", "pk": 28, "fields": {"created_by": 1, "is_active": true, "created_on": "2020-09-16T18:31:03.068Z", "updated_on": "2020-09-16T18:31:03.068Z", "name": "Mathematics", "belongs_to": 7}}, {"model": "corebookmodels.bookcategory", "pk": 29, "fields": {"created_by": 1, "is_active": true, "created_on": "2020-09-16T18:31:15.583Z", "updated_on": "2020-09-16T18:31:15.583Z", "name": "Business and Money", "belongs_to": 7}}, {"model": "corebookmodels.bookcategory", "pk": 30, "fields": {"created_by": 1, "is_active": true, "created_on": "2020-09-16T18:31:59.289Z", "updated_on": "2020-09-16T18:31:59.289Z", "name": "Computer and Programming", "belongs_to": 7}}, {"model": "corebookmodels.bookcategory", "pk": 31, "fields": {"created_by": 1, "is_active": true, "created_on": "2020-09-16T18:32:42.371Z", "updated_on": "2020-09-16T18:32:42.371Z", "name": "Programming", "belongs_to": 9}}, {"model": "corebookmodels.bookcategory", "pk": 32, "fields": {"created_by": 1, "is_active": true, "created_on": "2020-09-16T18:32:47.635Z", "updated_on": "2020-09-16T18:32:47.635Z", "name": "Database", "belongs_to": 9}}, {"model": "corebookmodels.bookcategory", "pk": 33, "fields": {"created_by": 1, "is_active": true, "created_on": "2020-09-16T18:32:58.288Z", "updated_on": "2020-09-16T18:32:58.288Z", "name": "Data Structure and Algorithms", "belongs_to": 9}}, {"model": "corebookmodels.bookcategory", "pk": 34, "fields": {"created_by": 1, "is_active": true, "created_on": "2020-09-16T18:33:24.475Z", "updated_on": "2020-09-16T18:33:24.475Z", "name": "Application design and development", "belongs_to": 9}}, {"model": "corebookmodels.bookcategory", "pk": 35, "fields": {"created_by": 1, "is_active": true, "created_on": "2020-09-20T16:26:53.396Z", "updated_on": "2020-09-20T16:27:01.707Z", "name": "Poetry of Nepal", "belongs_to": 4}}, {"model": "corebookmodels.bookcategory", "pk": 36, "fields": {"created_by": 1, "is_active": true, "created_on": "2020-09-20T16:27:32.755Z", "updated_on": "2020-09-20T16:27:32.755Z", "name": "lyric", "belongs_to": 4}}, {"model": "corebookmodels.bookcategory", "pk": 37, "fields": {"created_by": 1, "is_active": true, "created_on": "2020-09-20T16:27:40.839Z", "updated_on": "2020-09-20T16:27:40.839Z", "name": "Narrative", "belongs_to": 2}}, {"model": "corebookmodels.bookcategory", "pk": 38, "fields": {"created_by": 1, "is_active": true, "created_on": "2020-09-20T16:27:48.552Z", "updated_on": "2020-09-20T16:27:48.552Z", "name": "Dramatic", "belongs_to": 2}}, {"model": "corebookmodels.rentalcategory", "pk": 3, "fields": {"created_by": 1, "is_active": true, "created_on": "2020-09-16T17:51:17.388Z", "updated_on": "2020-09-16T17:51:17.388Z", "cost_of_rental": "7.00"}}, {"model": "corebookmodels.rentalcategory", "pk": 4, "fields": {"created_by": 1, "is_active": true, "created_on": "2020-09-16T17:51:24.067Z", "updated_on": "2020-09-16T17:51:24.067Z", "cost_of_rental": "10.00"}}, {"model": "corebookmodels.rentalcategory", "pk": 5, "fields": {"created_by": 1, "is_active": true, "created_on": "2020-09-16T17:51:27.790Z", "updated_on": "2020-09-16T17:51:27.790Z", "cost_of_rental": "12.00"}}, {"model": "corebookmodels.rentalcategory", "pk": 6, "fields": {"created_by": 1, "is_active": true, "created_on": "2020-09-16T17:51:31.575Z", "updated_on": "2020-09-16T17:51:31.575Z", "cost_of_rental": "13.00"}}, {"model": "corebookmodels.rentalcategory", "pk": 7, "fields": {"created_by": 1, "is_active": true, "created_on": "2020-09-16T17:51:34.935Z", "updated_on": "2020-09-16T17:51:34.935Z", "cost_of_rental": "15.00"}}, {"model": "corebookmodels.rentalcategory", "pk": 9, "fields": {"created_by": 1, "is_active": true, "created_on": "2020-09-16T17:51:43.520Z", "updated_on": "2020-09-16T17:51:43.520Z", "cost_of_rental": "20.00"}}, {"model": "corebookmodels.book", "pk": 7, "fields": {"created_by": 1, "is_active": true, "created_on": null, "updated_on": null, "title": "Kafka On The Shore", "book_image": "book_images/Haruki Murakami/Kafka On The Shore/9780099458326_11.jpg", "mrp_price": "1000.00", "rental_price": "15.00", "rental_category": null, "book_condition": "F", "author_name": 2, "summary": "Kafka on the Shore is a 2002 novel by Japanese author Haruki Murakami. Its 2005 English translation was among \"The 10 Best Books of 2005\" from The New York Times and received the World Fantasy Award for 2006.", "isbn": "9876543212345", "language": 1, "published_date": "2002-09-08", "number_of_pages": 505, "quality_rating": 5.0, "slug": "kafka-on-the-shore", "is_featured": false, "book_genre": [2]}}, {"model": "corebookmodels.book", "pk": 8, "fields": {"created_by": 1, "is_active": true, "created_on": null, "updated_on": null, "title": "The catcher in the rye", "book_image": "book_images/J.D. Salinger/The catcher in the rye/the_catcher_in_the_rye.jpg", "mrp_price": "600.00", "rental_price": "15.00", "rental_category": null, "book_condition": "F", "author_name": 5, "summary": "The Catcher in the Rye is a novel by J. D. Salinger, partially published in serial form in 1945\u20131946 and as a novel in 1951. It was originally intended for adults, but is often read by adolescents for its themes of angst and alienation, and as a critique on superficiality in society. It has been translated widely.", "isbn": "9780525563693", "language": 1, "published_date": "2020-09-08", "number_of_pages": 289, "quality_rating": 5.0, "slug": "the-catcher-in-the-rye", "is_featured": false, "book_genre": []}}, {"model": "corebookmodels.book", "pk": 9, "fields": {"created_by": 1, "is_active": true, "created_on": null, "updated_on": null, "title": "The Bell Jar", "book_image": "book_images/Sylvia Plath/The Bell Jar/thebelljar.jpg", "mrp_price": "900.00", "rental_price": "15.00", "rental_category": null, "book_condition": "BN", "author_name": 6, "summary": "The Bell Jar is the only novel written by the American writer and poet Sylvia Plath. Originally published under the pseudonym \"Victoria Lucas\" in 1963, the novel is semi-autobiographical, with the names of places and people changed.", "isbn": "9876543212345", "language": 1, "published_date": "2020-09-08", "number_of_pages": 300, "quality_rating": 5.0, "slug": "the-bell-jar", "is_featured": false, "book_genre": [2]}}, {"model": "corebookmodels.book", "pk": 10, "fields": {"created_by": 1, "is_active": true, "created_on": null, "updated_on": null, "title": "The Godfather", "book_image": "book_images/Mario Puzo/The Godfather/thegodfather.jpeg", "mrp_price": "700.00", "rental_price": "15.00", "rental_category": null, "book_condition": "BN", "author_name": 7, "summary": "The Godfather is a crime novel by American author Mario Puzo. Originally published in 1969 by G. P. Putnam's Sons, the novel details the story of a fictional Mafia family in New York City, headed by Vito Corleone. Puzo's dedication for The Godfather is \"For Anthony Cleri\".", "isbn": "9876543212345", "language": 1, "published_date": "2020-09-08", "number_of_pages": 700, "quality_rating": 5.0, "slug": "the-godfather", "is_featured": false, "book_genre": [2]}}, {"model": "corebookmodels.book", "pk": 11, "fields": {"created_by": 1, "is_active": true, "created_on": null, "updated_on": null, "title": "Women in love", "book_image": "book_images/D.H. Lawrence/Women in love/womeninlove.jpg", "mrp_price": "100.00", "rental_price": "15.00", "rental_category": null, "book_condition": "F", "author_name": 8, "summary": "Women in Love is a novel by British author D. H. Lawrence. It is a sequel to his earlier novel The Rainbow, and follows the continuing loves and lives of the Brangwen sisters, Gudrun and Ursula. Gudrun Brangwen, an artist, pursues a destructive relationship with Gerald Crich, an industrialist.", "isbn": "9780525563693", "language": 1, "published_date": "2020-09-08", "number_of_pages": 122, "quality_rating": 5.0, "slug": "women-in-love", "is_featured": false, "book_genre": [2]}}, {"model": "corebookmodels.book", "pk": 12, "fields": {"created_by": 1, "is_active": true, "created_on": null, "updated_on": null, "title": "Inferno", "book_image": "", "mrp_price": "650.00", "rental_price": "20.00", "rental_category": null, "book_condition": "BN", "author_name": 35, "summary": "Florence: Harvard symbologist Robert Langdon awakes in a hospital bed with no recollection of where he is or how he got there. Nor can he explain the origin of the macabre object found hidden in his belongings.\r\n\r\nA threat to his life will propel him and a young doctor, Sienna Brooks, into a breakneck chase across the city. Only Langdon's knowledge of the hidden passageways and ancient secret that lie behind its historic fa ade can save them from the clutches of their unknown pursuers.\r\n\r\nWith only a few lines from Dante's Inferno to guide them, they must decipher a sequence of codes buried deep within some of the Renaissance's most celebrated artworks to find the answers to a puzzle which may, or may not, help them save the world from a terrifying threat.", "isbn": "9781400079155", "language": 1, "published_date": "2013-05-14", "number_of_pages": 609, "quality_rating": 5.0, "slug": "inferno", "is_featured": false, "book_genre": [2, 9, 16, 17]}}, {"model": "corebookmodels.book", "pk": 13, "fields": {"created_by": 1, "is_active": true, "created_on": null, "updated_on": null, "title": "1Q84", "book_image": "book_images/Haruki Murakami/1Q84/1Q84.jpg", "mrp_price": "1118.00", "rental_price": "20.00", "rental_category": null, "book_condition": "F", "author_name": 2, "summary": "The year is 1Q84. This is the real world, there is no doubt about that. But in this world, there are two moons in the sky. In this world, the fates of two people, Tengo and Aomame, are closely intertwined. They are each, in their own way, doing something very dangerous. And in this world, there seems no way to save them both. Something extraordinary is starting.", "isbn": "9780307476463", "language": 1, "published_date": "2009-05-29", "number_of_pages": 928, "quality_rating": 5.0, "slug": "1q84", "is_featured": false, "book_genre": [2, 24]}}, {"model": "corebookmodels.book", "pk": 14, "fields": {"created_by": 1, "is_active": true, "created_on": null, "updated_on": null, "title": "The Fellowship of the Rings", "book_image": "", "mrp_price": "1000.00", "rental_price": "20.00", "rental_category": null, "book_condition": "BN", "author_name": 34, "summary": "A young hobbit, Frodo, who has found the One Ring that belongs to the Dark Lord Sauron, begins his journey with eight companions to Mount Doom, the only place where it can be destroyed.", "isbn": "9780618002221", "language": 1, "published_date": "1954-07-29", "number_of_pages": 423, "quality_rating": 5.0, "slug": "the-fellowship-of-the-rings", "is_featured": false, "book_genre": [2, 10]}}, {"model": "corebookmodels.book", "pk": 15, "fields": {"created_by": 1, "is_active": true, "created_on": null, "updated_on": null, "title": "The Two Towers", "book_image": "book_images/John Ronald Reuel Tolkien/The Two Towers/LOTR_2.jpg", "mrp_price": "638.00", "rental_price": "20.00", "rental_category": null, "book_condition": "BN", "author_name": 34, "summary": "The Two Towers opens with the disintegration of the Fellowship, as Merry and Pippin are taken captive by Orcs after the death of Boromir in battle. The Orcs, having heard a prophecy that a Hobbit will bear a Ring that gives universal power to its owner, wrongly think that Merry and Pippin are the Ring-bearers.", "isbn": "9780007203550", "language": 1, "published_date": "1954-11-11", "number_of_pages": 352, "quality_rating": 5.0, "slug": "the-two-towers", "is_featured": false, "book_genre": [2, 10]}}, {"model": "corebookmodels.book", "pk": 16, "fields": {"created_by": 1, "is_active": true, "created_on": null, "updated_on": null, "title": "The Return of the King", "book_image": "", "mrp_price": "638.00", "rental_price": "20.00", "rental_category": null, "book_condition": "BN", "author_name": 34, "summary": "The former Fellowship members prepare for the final battle. While Frodo and Sam approach Mount Doom to destroy the One Ring, they follow Gollum, unaware of the path he is leading them to.", "isbn": "9780358380252", "language": 1, "published_date": "1955-10-20", "number_of_pages": 416, "quality_rating": 5.0, "slug": "the-return-of-the-king", "is_featured": false, "book_genre": [2, 10]}}, {"model": "corebookmodels.book", "pk": 17, "fields": {"created_by": 1, "is_active": true, "created_on": null, "updated_on": null, "title": "Hard boiled wonderland and the end of the World", "book_image": "", "mrp_price": "1085.00", "rental_price": "17.00", "rental_category": null, "book_condition": "F", "author_name": 2, "summary": "Hard-Boiled Wonderland and the End of the World is a fantasy, sci-fi novel by Haruki Murakami that explores the realm of conscious thought and identity through the parallel narrative of Calcutec and a newcomer from The End of the World.", "isbn": "9780679743460", "language": 1, "published_date": "1985-06-15", "number_of_pages": 400, "quality_rating": 5.0, "slug": "hard-boiled-wonderland-and-the-end-of-the-world", "is_featured": false, "book_genre": [2, 6, 10]}}, {"model": "corebookmodels.book", "pk": 18, "fields": {"created_by": 1, "is_active": true, "created_on": null, "updated_on": null, "title": "Intelligent Investor", "book_image": "book_images/Benjamin Graham/Intelligent Investor/intelligent_investor.jpg", "mrp_price": "1118.00", "rental_price": "5.00", "rental_category": null, "book_condition": "BN", "author_name": 31, "summary": "The greatest investment advisor of the twentieth century, Benjamin Graham taught and inspired people worldwide. Graham's philosophy of \"value investing\" -- which shields investors from substantial error and teaches them to develop long-term strategies -- has made The Intelligent Investor the stock market bible ever since its original publication in 1949. Over the years, market developments have proven the wisdom of Graham's strategies. While preserving the integrity of Graham's original text, this revised edition includes updated commentary by noted financial journalist Jason Zweig, whose perspective incorporates the realities of today's market, draws parallels between Graham's examples and today's financial headlines, and gives readers a more thorough understanding of how to apply Graham's principles. Vital and indispensable, this HarperBusiness Essentials edition of The Intelligent Investor is the most important book you will ever read on how to reach your financial goals.", "isbn": "9780060555665", "language": 1, "published_date": "1949-01-01", "number_of_pages": 640, "quality_rating": 5.0, "slug": "intelligent-investor", "is_featured": false, "book_genre": [5, 25]}}, {"model": "corebookmodels.book", "pk": 19, "fields": {"created_by": 1, "is_active": true, "created_on": null, "updated_on": null, "title": "To Kill a Mocking Bird", "book_image": "book_images/Harper Lee/To Kill a Mocking Bird/tokilla_mocking_bird.jpg", "mrp_price": "640.00", "rental_price": "17.00", "rental_category": null, "book_condition": "NF", "author_name": 33, "summary": "A lawyer's advice to his children as he defends the real mockingbird of Harper Lee's classic novel - a black man charged with the rape of a white girl. Through the young eyes of Scout and Jem Finch, Harper Lee explores with exuberant humour the irrationality of adult attitudes to race and class in the Deep South of the 1930s. The conscience of a town steeped in prejudice, violence and hypocrisy is pricked by the stamina of one man's struggle for justice. But the weight of history will only tolerate so much.\r\n\r\nTo Kill a Mockingbird is a coming-of-age story, an anti-racist novel, a historical drama of the Great Depression and a sublime example of the Southern writing tradition.", "isbn": "9780099549482", "language": 1, "published_date": "1960-06-11", "number_of_pages": 320, "quality_rating": 3.0, "slug": "to-kill-a-mocking-bird", "is_featured": false, "book_genre": [2, 12, 44, 45, 46]}}, {"model": "corebookmodels.book", "pk": 20, "fields": {"created_by": 1, "is_active": true, "created_on": null, "updated_on": null, "title": "Karnali Blues", "book_image": "book_images/Buddhisagar/Karnali Blues/karnaliblues.jpeg", "mrp_price": "400.00", "rental_price": "17.00", "rental_category": null, "book_condition": "BN", "author_name": 25, "summary": "Karnali Blues is an epic story about a young boy who travels to different phases of his life; with his parents. The story's main plot focuses on the character's father who develops in our own spirits", "isbn": "9789937827935", "language": 2, "published_date": "2010-01-01", "number_of_pages": 300, "quality_rating": 5.0, "slug": "karnali-blues", "is_featured": false, "book_genre": [2, 44]}}, {"model": "corebookmodels.book", "pk": 21, "fields": {"created_by": 1, "is_active": true, "created_on": null, "updated_on": null, "title": "The Hobbit", "book_image": "book_images/John Ronald Reuel Tolkien/The Hobbit/hobbit.jpg", "mrp_price": "640.00", "rental_price": "17.00", "rental_category": null, "book_condition": "BN", "author_name": 34, "summary": "Bilbo Baggins is a hobbit who enjoys a comfortable, unambitious life, rarely travelling further than the pantry of his hobbit-hole in bag end but his contentment is disturbed when the wizard, Gandalf and a company of thirteen dwarves arrive on his doorstep one day to whisk him away on an unexpected journey there and back again they have the plot to raid the treasure hoard of Smaug, the Magnificent, a large and very dangerous dragon the prelude to the lord of the rings, the hobbit has sold many millions of copies since its publication in 1937, establishing itself as one of the most beloved and influential books of the twentieth century", "isbn": "9780008118044", "language": 1, "published_date": "1937-09-21", "number_of_pages": 310, "quality_rating": 5.0, "slug": "the-hobbit", "is_featured": false, "book_genre": [12, 16, 38]}}, {"model": "corebookmodels.book", "pk": 22, "fields": {"created_by": 1, "is_active": true, "created_on": null, "updated_on": null, "title": "How to win friends and influence people", "book_image": "book_images/Dale Carnegie/How to win friends and influence people/howtowinfriends.jpg", "mrp_price": "350.00", "rental_price": "7.00", "rental_category": null, "book_condition": "BN", "author_name": 9, "summary": "How to Win Friends and Influence People is a self-help book written by Dale Carnegie, published in 1936. Over 30 million copies have been sold worldwide, making it one of the best-selling books of all time. In 2011, it was number 19 on Time Magazine's list of the 100 most influential books.", "isbn": "1439167346", "language": 1, "published_date": "1936-10-01", "number_of_pages": 291, "quality_rating": 5.0, "slug": "how-to-win-friends-and-influence-people", "is_featured": false, "book_genre": [3, 12]}}, {"model": "corebookmodels.book", "pk": 23, "fields": {"created_by": 1, "is_active": true, "created_on": null, "updated_on": null, "title": "The Power of Positive Thinking", "book_image": "book_images/Norman Vincent Peale/The Power of Positive Thinking/powerofpositivethinking.jpg", "mrp_price": "300.00", "rental_price": "7.00", "rental_category": null, "book_condition": "BN", "author_name": 12, "summary": "The Power of Positive Thinking: A Practical Guide to Mastering the Problems of Everyday Living is a 1952 self-help book by Norman Vincent Peale.", "isbn": "9780743507806", "language": 1, "published_date": "1952-01-01", "number_of_pages": 200, "quality_rating": 5.0, "slug": "the-power-of-positive-thinking", "is_featured": false, "book_genre": [3, 4, 5]}}, {"model": "corebookmodels.book", "pk": 24, "fields": {"created_by": 1, "is_active": true, "created_on": null, "updated_on": null, "title": "The Story of My Life", "book_image": "book_images/Helen Keller/The Story of My Life/storyofmylife_A20HmXK.jpg", "mrp_price": "300.00", "rental_price": "7.00", "rental_category": null, "book_condition": "BN", "author_name": 10, "summary": "The Story of My Life, first published in 1903, is Helen Keller's autobiography detailing her early life, especially her experiences with Anne Sullivan. Portions of it were adapted by William Gibson for a 1957 Playhouse 90 production, a 1959 Broadway play, a 1962 Hollywood feature film, and the Indian film Black.", "isbn": "9780786193233", "language": 1, "published_date": "1933-01-01", "number_of_pages": 200, "quality_rating": 5.0, "slug": "the-story-of-my-life", "is_featured": false, "book_genre": [3, 4, 5]}}, {"model": "corebookmodels.book", "pk": 25, "fields": {"created_by": 1, "is_active": true, "created_on": null, "updated_on": null, "title": "How to Stop Worrying and Start Living", "book_image": "book_images/Dale Carnegie/How to Stop Worrying and Start Living/howtostopworryingandstar_04Efkt3.jpg", "mrp_price": "100.00", "rental_price": "7.00", "rental_category": null, "book_condition": "BN", "author_name": 9, "summary": "How to Stop Worrying and Start Living is a self-help book by Dale Carnegie. It was first printed in Great Britain in 1948 by Richard Clay, Ltd., Bungay Suffolk. It is currently published as a Mass Market Paperback of 352 pages by Pocket", "isbn": "9780671574581", "language": 1, "published_date": "1948-09-14", "number_of_pages": 339, "quality_rating": 5.0, "slug": "how-to-stop-worrying-and-start-living", "is_featured": false, "book_genre": [3, 5]}}, {"model": "corebookmodels.book", "pk": 26, "fields": {"created_by": 1, "is_active": true, "created_on": null, "updated_on": null, "title": "The Power of your subconscious mind", "book_image": "book_images/Joseph Murphy/The Power of your subconscious mind/powerofsubsconsciousmind.jpg", "mrp_price": "100.00", "rental_price": "7.00", "rental_category": null, "book_condition": "BN", "author_name": 11, "summary": "Here is the complete, original text of the million-selling self- help guide that reveals your invisible power to attain any goal-paired with a compelling bonus work, How to Attract Money.", "isbn": "9780735204317", "language": 1, "published_date": "1963-09-14", "number_of_pages": 303, "quality_rating": 5.0, "slug": "the-power-of-your-subconscious-mind", "is_featured": false, "book_genre": [3, 5]}}, {"model": "corebookmodels.book", "pk": 27, "fields": {"created_by": 1, "is_active": true, "created_on": null, "updated_on": null, "title": "Steve Jobs", "book_image": "book_images/Walter Isaacson/Steve Jobs/steviejobs.jpg", "mrp_price": "960.00", "rental_price": "10.00", "rental_category": null, "book_condition": "BN", "author_name": 13, "summary": "Steve Jobs is the authorized self-titled biography of Steve Jobs. The book was written at the request of Jobs by Walter Isaacson, a former executive at CNN and TIME who has written best-selling biographies of Benjamin Franklin and Albert Einstein.", "isbn": "9781442346277", "language": 1, "published_date": "2011-10-24", "number_of_pages": 656, "quality_rating": 5.0, "slug": "steve-jobs", "is_featured": false, "book_genre": [4, 5]}}, {"model": "corebookmodels.book", "pk": 28, "fields": {"created_by": 1, "is_active": true, "created_on": null, "updated_on": null, "title": "Singha Durbar", "book_image": "", "mrp_price": "800.00", "rental_price": "10.00", "rental_category": null, "book_condition": "BN", "author_name": 36, "summary": "The Ranas of Nepal were de facto rulers of the kingdom for slightly over a century, reigning as prime ministers of the state, with the king as a figurehead. Their rule, while bringing stability to a fraught empire, has also been criticized for economic and religious excesses, and for tyranny. Now, for the first time, a descendant of the Rana clan opens up about his family, setting right certain historical misconceptions, and offering an honest critique of what was one of the most vital periods in the history of Nepal which drew to a close in 1951. Frank, forthright and utterly balanced, Singha Durbar: Rise and Fall of the Rana Regime of Nepal is one of the most important historical accounts to have been published on the Himalayan kingdom in recent years.", "isbn": "9788129145611", "language": 2, "published_date": "2017-09-14", "number_of_pages": 408, "quality_rating": 5.0, "slug": "singha-durbar", "is_featured": false, "book_genre": [5, 21]}}, {"model": "corebookmodels.book", "pk": 29, "fields": {"created_by": 1, "is_active": true, "created_on": "2020-09-17T14:09:00.165Z", "updated_on": "2020-09-17T14:09:00.165Z", "title": "The subtle art of not giving a fuck", "book_image": "book_images/Mark Manson/The subtle art of not giving a fuck/subtle_art.jpg", "mrp_price": "800.00", "rental_price": "12.00", "rental_category": 5, "book_condition": "BN", "author_name": 21, "summary": "In The Subtle Art of Not Giving a F*ck, author Mark Manson argues that our consumer culture and social media have us chasing the wrong things in pursuit of happiness and meaningful life. We are giving a f*ck or caring about too many things that don't matter and don't make us happy in the long run.", "isbn": "9780062641540", "language": 1, "published_date": "2016-09-13", "number_of_pages": 221, "quality_rating": 5.0, "slug": "the-subtle-art-of-not-giving-a-fuck", "is_featured": false, "book_genre": [3, 5, 25, 31, 32, 33]}}, {"model": "corebookmodels.book", "pk": 31, "fields": {"created_by": 1, "is_active": true, "created_on": "2020-09-17T14:18:25.357Z", "updated_on": "2020-09-17T14:18:25.357Z", "title": "The Monk who sold his Ferrari", "book_image": "book_images/Robin Sharma/The Monk who sold his Ferrari/Themonkwhosoldhis.jpg", "mrp_price": "360.00", "rental_price": "12.00", "rental_category": 5, "book_condition": "BN", "author_name": 23, "summary": "The Monk Who Sold His Ferrari is a self-help classic telling the story of fictional lawyer Julian Mantle, who sold his mansion and Ferrari to study the seven virtues of the Sages of Sivana in the Himalayan mountains.", "isbn": "9788179921623", "language": 1, "published_date": "1996-01-01", "number_of_pages": 198, "quality_rating": 5.0, "slug": "the-monk-who-sold-his-ferrari", "is_featured": false, "book_genre": [2, 3]}}, {"model": "corebookmodels.book", "pk": 32, "fields": {"created_by": 1, "is_active": true, "created_on": "2020-09-17T14:22:49.164Z", "updated_on": "2020-09-17T14:22:49.164Z", "title": "The Secret", "book_image": "book_images/Rhonda Byrne/The Secret/thesecret.jpg", "mrp_price": "960.00", "rental_price": "12.00", "rental_category": 5, "book_condition": "BN", "author_name": 24, "summary": "The Secret is a self-help book regarding the power of positive thinking by Rhonda Byrne. The book suggests the notion that like attracts the like, which means if you emit positive energy, it will be very beneficial because you will attract positive things to you.", "isbn": "9781471172397", "language": 1, "published_date": "2006-11-26", "number_of_pages": 198, "quality_rating": 5.0, "slug": "the-secret", "is_featured": false, "book_genre": [3]}}, {"model": "corebookmodels.book", "pk": 33, "fields": {"created_by": 1, "is_active": true, "created_on": "2020-09-17T14:29:47.650Z", "updated_on": "2020-09-20T17:52:28.879Z", "title": "Yogmaya", "book_image": "book_images/Nilam Karki Niharika/Yogmaya/yogmaya.jpg", "mrp_price": "595.00", "rental_price": "12.00", "rental_category": 5, "book_condition": "BN", "author_name": 37, "summary": "Yogmaya is a nepali fiction written by Neelam Karki Niharika.  Yogmaya is based on the life of female protagonist Yogmaya Neupane (1860-1941), a religious leader and women rights activists born in Bhojpur, who fought against the autocratic Rana regime. Awarded Madan Puraskar  2074 BS", "isbn": "9789937708197", "language": 2, "published_date": "2018-01-01", "number_of_pages": 503, "quality_rating": 5.0, "slug": "yogmaya", "is_featured": false, "book_genre": [2, 8, 32]}}, {"model": "corebookmodels.book", "pk": 34, "fields": {"created_by": 1, "is_active": true, "created_on": "2020-09-18T05:22:51.387Z", "updated_on": "2020-09-20T18:24:38.156Z", "title": "Firfire", "book_image": "book_images/Buddhisagar/Firfire/Buddhi-Sagar_Firfire.jpg", "mrp_price": "542.00", "rental_price": "12.00", "rental_category": 5, "book_condition": "BN", "author_name": 25, "summary": "One day, Basanta hears that his house in the village is about to be demolished. Overwhelmed with nostalgia, he goes back to his village to see the house one last time after 16 long years. And then begins a journey to his past\u2013a past that he has always wanted to forget. And thus unfolds the story of his friendship with Pawan, who falls prey to village politics and superstitions, losing his memory in the process.", "isbn": "97899376650", "language": 2, "published_date": "2015-12-22", "number_of_pages": 544, "quality_rating": 5.0, "slug": "firfire", "is_featured": false, "book_genre": [2, 44]}}, {"model": "corebookmodels.book", "pk": 35, "fields": {"created_by": 1, "is_active": true, "created_on": "2020-09-18T05:28:25.958Z", "updated_on": "2020-09-18T05:28:25.958Z", "title": "Rich Dad Poor Dad", "book_image": "book_images/Robert Kiyosaki/Rich Dad Poor Dad/richdad.jpg", "mrp_price": "640.00", "rental_price": "13.00", "rental_category": 6, "book_condition": "BN", "author_name": 26, "summary": "Rich Dad Poor Dad is a book written by Robert Kiyosaki that focuses on financial literacy, financial independence, building wealth by investing in financial assets and increasing one\u2019s financial intelligence. The author presents six essential lessons through this book which are - The rich don\u2019t work for money, The importance of financial literacy, minding your own business, taxes and corporations, the rich invent money and the need to work to learn and not for money.", "isbn": "9781612680194", "language": 1, "published_date": "1997-01-01", "number_of_pages": 207, "quality_rating": 5.0, "slug": "rich-dad-poor-dad", "is_featured": false, "book_genre": [3, 5, 25]}}, {"model": "corebookmodels.book", "pk": 36, "fields": {"created_by": 1, "is_active": true, "created_on": "2020-09-18T05:36:55.696Z", "updated_on": "2020-09-18T05:36:55.696Z", "title": "Looking for Alaska", "book_image": "book_images/John Green/Looking for Alaska/lookingforalaska.jpg", "mrp_price": "560.00", "rental_price": "13.00", "rental_category": 6, "book_condition": "BN", "author_name": 27, "summary": "Miles enrolled at Culver Creek Preparatory High School to seek new opportunities, and his so called \u201cGreat Perhaps\u201d. During the school, he is forced out of his routine of being introverted and swathed in his studies. He becomes closer with his roommate Chip or \u201cthe colonel\u201d who wraps him up in the mischief present at the school, giving him the nickname \u201cPudge\u201d. But amongst all of this chaos is Alaska Young, a beautiful and smart girl with erratic emotions. Miles is drawn to Alaska and she soon confides to him more about her past and her guilt. A story that leaves much up to reader interpretation, this book not only deals with the mischievous escapades of high schoolers, but also the raw confusion and emotion they experience when going through guilt and grief.", "isbn": "9780142402511", "language": 1, "published_date": "2005-03-03", "number_of_pages": 297, "quality_rating": 5.0, "slug": "looking-for-alaska", "is_featured": false, "book_genre": [11, 14, 44]}}, {"model": "corebookmodels.book", "pk": 37, "fields": {"created_by": 1, "is_active": true, "created_on": "2020-09-18T05:41:07.021Z", "updated_on": "2020-09-18T05:41:07.021Z", "title": "Tuesdays with Morrie", "book_image": "book_images/Mitch Albom/Tuesdays with Morrie/tuesdayswithmorrie.jpg", "mrp_price": "472.00", "rental_price": "13.00", "rental_category": 6, "book_condition": "BN", "author_name": 28, "summary": "Maybe it was a grandparent, a teacher or a colleague. Someone older, patient and wise, who understood when you were young and impassioned, helped you to see the world as a more profound place, and gave you sound advice to guide your way through it. For Mitch Albom, it was Morrie Schwartz, the colleage professor who taught him nearly twenty years ago. Perhaps, like Mitch, you lost track of this mentor as the years passed, the insights faded, and the world seemed colder. Wouldn't you like to see that person again, to ask the bigger questions that still haunt you, and receive wisdom for your busy life the way you once did when you were younger? Mitch Albom got that second chance, rediscovering Morrie in the last months of the older man's life. Their rekindled relationship turned in one final 'class': lessons in how to live. Tuesdays with Morrie is a magical chronicle of their time together.", "isbn": "9780751527377", "language": 1, "published_date": "1997-01-01", "number_of_pages": 201, "quality_rating": 5.0, "slug": "tuesdays-with-morrie", "is_featured": false, "book_genre": [2, 4, 47]}}, {"model": "corebookmodels.book", "pk": 38, "fields": {"created_by": 1, "is_active": true, "created_on": "2020-09-18T05:46:36.685Z", "updated_on": "2020-09-20T17:35:36.531Z", "title": "Memoirs of a Geisha", "book_image": "book_images/Arthur Golden/Memoirs of a Geisha/memoirsofageisha.jpg", "mrp_price": "640.00", "rental_price": "13.00", "rental_category": 6, "book_condition": "BN", "author_name": 30, "summary": "This is a seductive and evocative epic on an intimate scale, which tells the extraordinary story of a geisha girl. Summoning up more than twenty years of Japan's most dramatic history, it uncovers a hidden world of eroticism and enchantment, exploitation and degredation. From a small fishing village in 1929, the tale moves to the glamorous and decadent heart of Kyoto in the 1930s, where a young peasant girl is sold as servant and apprentice to a renowned geisha house. She tells her story many years later from the Waldorf Astoria in New York; it exquisitely evokes another culture, a different time and the details of an extraordinary way of life. It conjures up the perfection and the ugliness of life behind rice-paper screens, where young girls learn the arts of the geisha - dancing and singing, how to wind the kimonok, how to walk and pour tea, and how to beguile the most powerful men.", "isbn": "9780099282853", "language": 1, "published_date": "1997-09-27", "number_of_pages": 488, "quality_rating": 5.0, "slug": "memoirs-of-a-geisha", "is_featured": false, "book_genre": [8, 44]}}, {"model": "corebookmodels.book", "pk": 39, "fields": {"created_by": 1, "is_active": true, "created_on": "2020-09-18T05:51:54.589Z", "updated_on": "2020-09-18T05:51:54.589Z", "title": "Love in the time of Cholera", "book_image": "book_images/Gabriel Garcia Marquez/Love in the time of Cholera/love_in_the_time_of_cholera.jpg", "mrp_price": "640.00", "rental_price": "13.00", "rental_category": 6, "book_condition": "BN", "author_name": 29, "summary": "Set in an unnamed Caribbean seaport, Garcia Marquez's extraordinary Love in the Time of Cholera (1988) relates one of literature's most remarkable stories of unrequited love. \"This shining and heartbreaking novel,\" Thomas Pynchon wrote in The New York Times Book Review, is one of those few rare works \"that can even return our worn souls to us.\" P Mary Wesley on Garcia Marquez's Love in the Time of Cholera: \"This is the funniest, most moving book I have read and re-read. Each reading discovers fresh delights, a true classic. Garcia Marquez is the greatest South American writer who doesn't hesitate to write of the spiritual and mundane in the same paragraph.\"", "isbn": "9780140123890", "language": 1, "published_date": "1985-01-01", "number_of_pages": 368, "quality_rating": 5.0, "slug": "love-in-the-time-of-cholera", "is_featured": false, "book_genre": [2, 8, 11, 12, 41, 44]}}, {"model": "corebookmodels.book", "pk": 40, "fields": {"created_by": 1, "is_active": true, "created_on": "2020-09-18T05:57:38.145Z", "updated_on": "2020-09-18T05:57:38.145Z", "title": "I am Malala", "book_image": "book_images/Malala Yousafzai/I am Malala/Malala.jpg", "mrp_price": "560.00", "rental_price": "13.00", "rental_category": 6, "book_condition": "BN", "author_name": 38, "summary": "When the Taliban took control of the Swat Valley, one girl fought for her right to an education. On Tuesday, 9 October 2012, she almost paid the ultimate price when she was shot in the head at point-blank range. Malala Yousafzai's extraordinary journey has taken her from a remote valley in northern Pakistan to the halls of the United Nations. She has become a global symbol of peaceful protest and is the youngest ever winner of the Nobel Peace Prize. I Am Malala will make you believe in the power of one person's voice to inspire change in the world.", "isbn": "9781780226583", "language": 1, "published_date": "2013-10-08", "number_of_pages": 288, "quality_rating": 5.0, "slug": "i-am-malala", "is_featured": false, "book_genre": [4]}}, {"model": "corebookmodels.book", "pk": 41, "fields": {"created_by": 1, "is_active": true, "created_on": "2020-09-18T06:08:07.290Z", "updated_on": "2020-09-20T17:28:50.297Z", "title": "Kathmandruids", "book_image": "book_images/Peter J. Karthak/Kathmandruids/paulo_c.jpg", "mrp_price": "599.00", "rental_price": "10.00", "rental_category": 4, "book_condition": "BN", "author_name": 39, "summary": "The book opens with the daily routine of a confident fixer satisfied with the state of his floating faces, flowing finances and flying friends. It then narrates the story of an adroit networker leveraging her position for pecuniary benefits. A smug bureaucrat makes the ascendant dealmaker and descendent aristocrat work in tandem to make the arriviste fall in line.\r\nIt is said that the upper-upper middle class with a modicum of education and adequate income are permanently afflicted with status anxiety. The dread of falling down, the fear of remaining in the same place or the hunger to climb up creates chronic restlessness. It's extremely difficult to narrate their banal lives in an arresting manner. But the author has seen Kathmandruids from close quarters as this class multiplied its net worth by bleeding the country dry. He tells some of their tales in English as she was speaking by those educated at convent schools of India and Nepal.", "isbn": "9789937910194", "language": 1, "published_date": "2018-01-10", "number_of_pages": 422, "quality_rating": 5.0, "slug": "kathmandruids", "is_featured": false, "book_genre": [44]}}, {"model": "corebookmodels.book", "pk": 42, "fields": {"created_by": 1, "is_active": true, "created_on": "2020-09-18T06:16:05.985Z", "updated_on": "2020-09-18T06:16:05.985Z", "title": "Buddha's Orphan", "book_image": "book_images/Samrat Upadhyay/Buddha's Orphan/Buddhas_orphan.jpg", "mrp_price": "472.00", "rental_price": "10.00", "rental_category": 4, "book_condition": "BN", "author_name": 14, "summary": "Upadhyay uses Nepal\u2019s political upheavals of the past century as a backdrop to the story of an orphan boy, Raja, and the girl he is fated to love, Nilu, a daughter of privilege. Coveted by more than one woman, Raja is found and raised by a street vendor, kidnapped by an affluent housewife, and then found again by Nilu. Their love story scandalizes both families and takes readers through time and across the globe, through the loss of and search for children, and through several generations of this complicated family, hinting that perhaps old bends can, in fact, be righted in future branches of a family tree. \r\nBuddha\u2019s Orphans is a novel permeated with the sense of how we are irreparably connected to the mothers who birthed us\u2014whether we know them or not, whether we embrace them or not\u2014and of the way events of the past, even those we are ignorant of, inevitably haunt the present.", "isbn": "9780547469904", "language": 1, "published_date": "2010-01-01", "number_of_pages": 488, "quality_rating": 5.0, "slug": "buddhas-orphan", "is_featured": false, "book_genre": [8, 44]}}, {"model": "corebookmodels.book", "pk": 44, "fields": {"created_by": 1, "is_active": true, "created_on": "2020-09-18T06:47:03.548Z", "updated_on": "2020-09-20T17:32:25.840Z", "title": "Seasons of Flight", "book_image": "book_images/Manjushree Thapa/Seasons of Flight/seasonsofflight.jpg", "mrp_price": "640.00", "rental_price": "10.00", "rental_category": 4, "book_condition": "BN", "author_name": 15, "summary": "Season's of Flight is a story of a young woman named Prema, adrift in war-torn rural Nepal, with little to bind her to her family, village and country, she wins a green card in a US government lottery and immigrates to Los Angeles.", "isbn": "9788893822774", "language": 1, "published_date": "2010-01-01", "number_of_pages": 299, "quality_rating": 5.0, "slug": "seasons-of-flight", "is_featured": false, "book_genre": [2]}}, {"model": "corebookmodels.book", "pk": 45, "fields": {"created_by": 1, "is_active": true, "created_on": "2020-09-18T06:51:55.907Z", "updated_on": "2020-09-18T06:51:55.908Z", "title": "The Spy", "book_image": "book_images/Paulo Coelho/The Spy/thespy.jpg", "mrp_price": "480.00", "rental_price": "10.00", "rental_category": 4, "book_condition": "BN", "author_name": 20, "summary": "When Mata Hari arrived in Paris she was penniless. Within months she was the most celebrated woman in the city. As a dancer, she shocked and delighted audiences; as a courtesan, she bewitched the era's richest and most powerful men. But as paranoia consumed a country at war, Mata Hari's lifestyle brought her under suspicion. In 1917, she was arrested in her hotel room on the Champs Elysees, and accused of espionage. Told in Mata Hari's voice through her final letter, The Spy is the unforgettable story of a woman who dared to defy convention and paid the ultimate price.", "isbn": "9780670089536", "language": 1, "published_date": "2016-09-02", "number_of_pages": 208, "quality_rating": 5.0, "slug": "the-spy", "is_featured": false, "book_genre": [8, 44, 47]}}, {"model": "corebookmodels.book", "pk": 46, "fields": {"created_by": 1, "is_active": true, "created_on": "2020-09-18T07:06:57.574Z", "updated_on": "2020-09-20T17:42:58.532Z", "title": "One Indian Girl", "book_image": "book_images/Chetan Bhagat/One Indian Girl/oneindiangirl.jpg", "mrp_price": "312.00", "rental_price": "10.00", "rental_category": 4, "book_condition": "BN", "author_name": 41, "summary": "Hi, I'm Radhika Mehta and I'm getting married this week. I work at Goldman Sachs, an investment bank. Thank you for reading my story. However, let me warn you.\r\nYou may not like me too much. One, I make a lot of money. Two, I have an opinion on everything. Three, I have had a boyfriend before. OK, maybe two.\r\nNow if all this was the case with a guy, one might be cool with it. But since I am a girl these three things I mentioned don\u2019t really make me too likeable, do they?", "isbn": "9788129142146", "language": 1, "published_date": "2016-10-01", "number_of_pages": 272, "quality_rating": 5.0, "slug": "one-indian-girl", "is_featured": false, "book_genre": [2, 11, 44]}}, {"model": "corebookmodels.book", "pk": 51, "fields": {"created_by": 1, "is_active": true, "created_on": "2020-09-18T07:21:16.040Z", "updated_on": "2020-09-18T07:21:16.040Z", "title": "Five point someone", "book_image": "book_images/Chetan Bhagat/Five point someone/Five_point_someone.jpg", "mrp_price": "400.00", "rental_price": "10.00", "rental_category": 4, "book_condition": "BN", "author_name": 41, "summary": "Five Point Someone is Chetan Bhagat s debut novel which revolves around the lives of Ryan, Alok, and Hari. The three lads become close friends while trying hard to survive in an exceedingly competitive environment. The three boys join IIT with a passion to excel and come out successfully as the best graduates. However, their life turns upside down when their grades fall lower than they had ever expected. Meanwhile, Hari falls in love with his professor s daughter, and Alok and Ryan cannot stop disputing each other. Five Point Someone was successfully able to strike a chord with the millions of youngsters across India. Hari, Alok and Ryan have to deal with unpleasant and cynical teachers, assignments and projects, the stress of unending examinations, and astringent academic schedule. Will they be able to survive the IITs? Or will they succumb to the tedious and age-old education system of India?", "isbn": "9788129135490", "language": 1, "published_date": "2004-01-01", "number_of_pages": 267, "quality_rating": 5.0, "slug": "five-point-someone", "is_featured": false, "book_genre": [2, 31, 44]}}, {"model": "corebookmodels.book", "pk": 52, "fields": {"created_by": 1, "is_active": true, "created_on": "2020-09-18T07:26:06.982Z", "updated_on": "2020-09-18T07:26:06.982Z", "title": "Gulabi Umer", "book_image": "book_images/Amar Neupane/Gulabi Umer/gulabi_umer.jpg", "mrp_price": "498.00", "rental_price": "10.00", "rental_category": 4, "book_condition": "BN", "author_name": 40, "summary": "\"\u0906\u0901\u0927\u0940\u0932\u093e\u0908 \u091d\u0948 \u0938\u092e\u094d\u0939\u093e\u0932\u094d\u0928 \u0917\u093e\u0939\u094d\u0930\u094b \u0964 \u0924\u0930 \u0938\u092e\u094d\u0939\u093e\u0932\u093f\u0938\u0915\u0947\u092a\u091b\u093f \u092c\u0939\u093e\u0930 \u091c\u0938\u094d\u0924\u0948 \u0938\u0941\u0935\u093e\u0938\u093f\u0932\u094b \u0932\u093e\u0917\u094d\u0928\u0947 \u0909\u092e\u0947\u0930 \u092f\u0939\u0940 \u0939\u094b\u0964 \u092a\u0939\u093e\u0921\u0932\u093e\u0908 \u091d\u0948 \u0905\u0901\u0917\u093e\u0932\u094d\u0928 \u0917\u093e\u0939\u094d\u0930\u094b \u0964 \u0924\u0930 \u0905\u0901\u0917\u093e\u0932\u093f\u0938\u0915\u0947\u092a\u091b\u093f \u092a\u094d\u0930\u0947\u092e \u091c\u0938\u094d\u0924\u0948 \u092e\u0940\u0920\u094b \u0932\u093e\u0917\u094d\u0928\u0947 \u0909\u092e\u0947\u0930 \u092a\u0928\u093f \u092f\u0939\u0940 \u0939\u094b \u0964 \u092c\u093e\u0926\u0932\u091d\u0948 \u0909\u0921\u0947\u0915\u093e \u0938\u092a\u0928\u093e\u0932\u093e\u0908 \u0915\u092a\u093e\u0938 \u0938\u092e\u094d\u091d\u093f\u090f\u0930 \u0927\u093e\u0917\u094b \u092c\u0928\u093e\u0909\u0928\u0947 \u0905\u0928\u093f \u092c\u093e\u0930\u092c\u093e\u0930 \u092c\u0941\u0928\u094d\u0928\u0947 \u0930 \u0909\u0927\u093e\u0930\u094d\u0928\u0947 \u0909\u092e\u0947\u0930 \u092a\u0928\u093f \u092f\u0939\u0940 \u0939\u094b \u0964 \u0906\u092b\u094d\u0928\u0948 \u0924\u0928 \u0930 \u092e\u0928\u0932\u093e\u0908 \u0906\u092b\u0948\u0932\u0947 \u0939\u0941\u0901\u0926\u093e\u0938\u092e\u0947\u0924 \u0906\u092b\u0942\u0932\u093e\u0908 \u092e\u0928 \u092a\u0930\u0947\u0915\u094b \u092e\u093e\u0928\u093f\u0938\u0932\u0947 \u091b\u094b\u090f\u091d\u0948 \u0906\u0928\u0928\u094d\u0926 \u0932\u093e\u0917\u094d\u0928\u0947 \u0909\u092e\u0947\u0930 \u092a\u0928\u093f \u092f\u0939\u0940 \u0939\u094b \u0964 \u0905\u0938\u092e\u094d\u092d\u0935 \u091c\u0938\u094d\u0924\u0948 \u0932\u093e\u0917\u094d\u0928\u0947 \u0915\u0932\u094d\u092a\u0928\u093e; \u092e\u0939\u093e\u092e\u093e\u0928\u0935\u0915\u094b \u091c\u0938\u094d\u0924\u0948 \u0932\u093e\u0917\u094d\u0928\u0947 \u0938\u092e\u092d\u093e\u0935\u0928\u093e; \u092e\u0930\u0942\u092d\u0942\u092e\u093f\u092e\u093e \u0938\u094d\u0935\u0930\u094d\u0917\u0940\u092f \u0938\u092a\u0928\u093e \u0926\u0947\u0916\u094d\u0928\u0947 \u091c\u093e\u0901\u0917\u0930\u0915\u094b \u0938\u093e\u0917\u0930 \u092d\u090f\u0915\u094b \u0909\u092e\u0947\u0930 \u092a\u0928\u093f \u092f\u0939\u0940 \u0939\u094b\u0964 \u091c\u0940\u0935\u0928\u0915\u094b \u092f\u093e\u0924\u094d\u0930\u093e \u0936\u093f\u0916\u0930\u0915\u094b \u092a\u0928\u093f \u0939\u0941\u0928 \u0938\u0915\u094d\u091b; \u0936\u0942\u0932\u0940\u0915\u094b \u092a\u0928\u093f \u0964 \u092f\u0940 \u0926\u0941\u0935\u0948 \u0917\u0928\u094d\u0924\u0935\u094d\u092f\u092e\u093e \u092a\u0941\u0930\u094d\u0930\u094d\u092f\u093e\u0909\u0928 \u0938\u093e\u0907\u0924\u0915\u094b \u0936\u093f\u0932\u093e\u0928\u094d\u092f\u093e\u0938 \u0917\u0930\u094d\u0928\u0947 \u0909\u092e\u0947\u0930 \u092a\u0928\u093f \u092f\u0939\u0940 \u0939\u094b\u0964", "isbn": "9789937665667", "language": 2, "published_date": "2019-09-07", "number_of_pages": 379, "quality_rating": 5.0, "slug": "gulabi-umer", "is_featured": false, "book_genre": [2]}}, {"model": "corebookmodels.book", "pk": 53, "fields": {"created_by": 1, "is_active": true, "created_on": "2020-09-18T07:31:14.113Z", "updated_on": "2020-09-18T07:31:14.113Z", "title": "The Guru of Love", "book_image": "book_images/Samrat Upadhyay/The Guru of Love/The-Guru-Of-Love-A-Novel-By-Samrat-Upadhyay.jpg", "mrp_price": "472.00", "rental_price": "10.00", "rental_category": 4, "book_condition": "BN", "author_name": 14, "summary": "The Guru of Love is a moving and important story\u2014important for what it illuminates about the human need to love as well as lust, and for the light it shines on the political situation in Nepal and elsewhere. Ramchandra is a math teacher earning a low wage and living in a small apartment with his wife and two children.", "isbn": "9780618382682", "language": 1, "published_date": "2003-01-01", "number_of_pages": 305, "quality_rating": 5.0, "slug": "the-guru-of-love", "is_featured": false, "book_genre": [47]}}, {"model": "corebookmodels.book", "pk": 54, "fields": {"created_by": 1, "is_active": true, "created_on": "2020-09-18T08:33:11.513Z", "updated_on": "2020-09-18T08:33:11.513Z", "title": "Me before you", "book_image": "book_images/Jojo Moyes/Me before you/me_before_you.jpg", "mrp_price": "550.00", "rental_price": "10.00", "rental_category": 4, "book_condition": "BN", "author_name": 51, "summary": "Louisa Clark is an ordinary girl living an exceedingly ordinary life\u2014steady boyfriend, close family\u2014who has barely been farther afield than their tiny village. She takes a badly needed job working for ex-Master of the Universe Will Traynor, who is wheelchair-bound after an accident. Will has always lived a huge life\u2014big deals, extreme sports, worldwide travel\u2014and now he\u2019s pretty sure he cannot live the way he is.\r\n\r\nWill is acerbic, moody, bossy, but Lou refuses to treat him with kid gloves, and soon his happiness means more to her than she expected. When she learns that Will has shocking plans of his own, she sets out to show him that life is still worth living.", "isbn": "9780718157838", "language": 1, "published_date": "2012-01-05", "number_of_pages": 400, "quality_rating": 5.0, "slug": "me-before-you", "is_featured": false, "book_genre": [2, 11, 28]}}, {"model": "corebookmodels.book", "pk": 55, "fields": {"created_by": 1, "is_active": true, "created_on": "2020-09-18T08:45:20.040Z", "updated_on": "2020-09-18T08:45:20.040Z", "title": "After you", "book_image": "book_images/Jojo Moyes/After you/after_you.jpg", "mrp_price": "550.00", "rental_price": "12.00", "rental_category": 5, "book_condition": "F", "author_name": 51, "summary": "After the transformative six months spent with Will Traynor, she is struggling without him. When an extraordinary accident forces Lou to return home to her family, she can't help but feel she's right back where she started. Her body heals, but Lou herself knows that she needs to be kick-started back to life.", "isbn": "9781405926751", "language": 1, "published_date": "2015-09-23", "number_of_pages": 448, "quality_rating": 5.0, "slug": "after-you", "is_featured": false, "book_genre": [2, 11, 28]}}, {"model": "corebookmodels.book", "pk": 56, "fields": {"created_by": 1, "is_active": true, "created_on": "2020-09-18T08:50:18.413Z", "updated_on": "2020-09-18T08:50:18.413Z", "title": "The diary of a young girl", "book_image": "book_images/Anne Frank/The diary of a young girl/The_diary_of_a_young_girl.jpg", "mrp_price": "350.00", "rental_price": "10.00", "rental_category": 4, "book_condition": "F", "author_name": 46, "summary": "In July 1942 Anne Frank and her family, fleeing the horrors of Nazi occupation, hid in the back of an Amsterdam warehouse. Anne was thirteen when the family went into the Secret Annexe and, over the next two years, she vividly describes in her diary the frustrations of living is such confined quarters, the constant threat of discovery, the hunger and fear. Her diary ends abruptly when, in August 1944, she and her family were finally discovered by the Nazis.", "isbn": "9789937049030", "language": 1, "published_date": "1947-06-25", "number_of_pages": 352, "quality_rating": 5.0, "slug": "the-diary-of-a-young-girl", "is_featured": false, "book_genre": [4]}}, {"model": "corebookmodels.book", "pk": 57, "fields": {"created_by": 1, "is_active": true, "created_on": "2020-09-18T09:11:29.081Z", "updated_on": "2020-09-18T09:11:29.081Z", "title": "The god of small things", "book_image": "", "mrp_price": "640.00", "rental_price": "12.00", "rental_category": 5, "book_condition": "BN", "author_name": 44, "summary": "Equal parts powerful family saga, forbidden love story, and piercing political drama, it is a story of an affluent Indian family forever changed by one fateful day in 1969. The seven-year-old twins Estha and Rahel see their world shaken irrevocably by the arrival of their beautiful young cousin, Sophie. It is an event that will lead to illicit liaisons and tragedies accidental and intentional, exposing \"big things that lurk unsaid\" in a country drifting dangerously toward unrest. Lush, lyrical, and unnerving, 'The Gods of Small Things' is an award-winning landmark that started for its author an esteemed career of fiction and political commentary that continues unabated.", "isbn": "9780812979657", "language": 1, "published_date": "1997-01-01", "number_of_pages": 340, "quality_rating": 5.0, "slug": "the-god-of-small-things", "is_featured": false, "book_genre": [2, 44, 50]}}, {"model": "corebookmodels.book", "pk": 58, "fields": {"created_by": 1, "is_active": true, "created_on": "2020-09-18T09:18:18.146Z", "updated_on": "2020-09-18T09:18:18.146Z", "title": "The Ministry of Utmost Happiness", "book_image": "book_images/Arundhati Roy/The Ministry of Utmost Happiness/The_ministry_of_utmost_happiness.jpeg", "mrp_price": "958.00", "rental_price": "15.00", "rental_category": 7, "book_condition": "BN", "author_name": 44, "summary": "In The Ministry of Utmost Happiness, Roy dissects life in India in the wake of the partition through the eyes of two characters: Anjum, a transgender woman who comes into her own only to find herself redefined by tragedy, turning to a cemetery in Delhi for refuge; and Tilo, a trained architect who journeys to the Kashmir region to reignite her on-and-off-again love affair with Musa, a freedom fighter.", "isbn": "9780670089635", "language": 1, "published_date": "2017-06-06", "number_of_pages": 438, "quality_rating": 5.0, "slug": "the-ministry-of-utmost-happiness", "is_featured": false, "book_genre": [2, 11, 44]}}, {"model": "corebookmodels.book", "pk": 59, "fields": {"created_by": 1, "is_active": true, "created_on": "2020-09-18T09:26:00.023Z", "updated_on": "2020-09-18T09:26:00.023Z", "title": "Nineteen Eighty-four (1984)", "book_image": "book_images/George Orwell/Nineteen Eighty-four (1984)/1984.jpg", "mrp_price": "320.00", "rental_price": "10.00", "rental_category": 4, "book_condition": "BN", "author_name": 42, "summary": "Orwell's final novel, 1984, is the story of one man's struggle against the ubiquitous, menacing state power (Big Brother) that tries to dictate nearly every aspect of human life. The novel is a classic in anti-utopian fiction, and a trenchant political satire that remains as relevant today as when it was first published. First appeared in 1949, this novel seemed like a nightmarish vision of the future in a totalitarian world. Playing on the public's worst fears about governmental control, different readings saw the former Soviet Union as the object of satire, while others focused on increasingly powerful democratic governments.", "isbn": "9789937062749", "language": 1, "published_date": "1949-06-08", "number_of_pages": 328, "quality_rating": 5.0, "slug": "nineteen-eighty-four-1984", "is_featured": false, "book_genre": [2, 6, 12, 48, 24]}}, {"model": "corebookmodels.book", "pk": 60, "fields": {"created_by": 1, "is_active": true, "created_on": "2020-09-18T09:31:17.951Z", "updated_on": "2020-09-25T07:40:45.703Z", "title": "Animal Farm", "book_image": "book_images/George Orwell/Animal Farm/animalfarmbook.jpeg", "mrp_price": "200.00", "rental_price": "7.00", "rental_category": 3, "book_condition": "BN", "author_name": 42, "summary": "Animal Farm, written by George Orwell, is an allegorical story about the Soviet Union's early years. At the beginning of the story, Old Major inspires his fellow farm animals to revolt against their human master, Mr. Jones, owner of Manor Farm. Leaders of the animal revolt include two pigs, Napoleon and Snowball.", "isbn": "9788183520508", "language": 1, "published_date": "1945-08-17", "number_of_pages": 125, "quality_rating": 5.0, "slug": "animal-farm", "is_featured": false, "book_genre": [2, 51]}}, {"model": "corebookmodels.book", "pk": 61, "fields": {"created_by": 1, "is_active": true, "created_on": "2020-09-18T09:36:35.975Z", "updated_on": "2020-09-18T09:36:35.975Z", "title": "The Art of Public Speaking", "book_image": "book_images/Dale Carnegie/The Art of Public Speaking/The_art_of_public_speaking.jpg", "mrp_price": "400.00", "rental_price": "7.00", "rental_category": 3, "book_condition": "BN", "author_name": 9, "summary": "The best way to become a confident, effective public speaker, according to the authors of this landmark book, is simply to do it. Practice, practice, practice. And while you're at it, assume the positive. Have something to say. Forget the self. Cast out fear. Be absorbed by your subject. And most importantly, expect success. \"If you believe you will fail,\" they write, \"there is hope for you. You will.\"", "isbn": "9789937073844", "language": 1, "published_date": "1915-01-01", "number_of_pages": 255, "quality_rating": 5.0, "slug": "the-art-of-public-speaking", "is_featured": false, "book_genre": [3, 5]}}, {"model": "corebookmodels.book", "pk": 62, "fields": {"created_by": 1, "is_active": true, "created_on": "2020-09-18T09:42:07.329Z", "updated_on": "2020-09-25T06:59:16.337Z", "title": "The Leader in You", "book_image": "book_images/Dale Carnegie/The Leader in You/theleaderinyou.jpg", "mrp_price": "400.00", "rental_price": "7.00", "rental_category": 3, "book_condition": "BN", "author_name": 9, "summary": "This comprehensive, step by step guide includes strategies to help you: *Identify your leadership strengths *Achieve your goals and increase your self-confidence *Eliminate an \"us vs them\" mentality * Control your worries and energize your life.", "isbn": "9789937071628", "language": 1, "published_date": "1993-01-01", "number_of_pages": 295, "quality_rating": 5.0, "slug": "the-leader-in-you", "is_featured": false, "book_genre": [3]}}, {"model": "corebookmodels.book", "pk": 63, "fields": {"created_by": 1, "is_active": true, "created_on": "2020-09-18T09:55:17.316Z", "updated_on": "2020-09-18T09:55:17.316Z", "title": "Are You Afraid of the Dark?", "book_image": "book_images/Sidney Sheldon/Are You Afraid of the Dark?/are-you-afraid-of-the-dark-1.jpg", "mrp_price": "640.00", "rental_price": "15.00", "rental_category": 7, "book_condition": "BN", "author_name": 53, "summary": "Are You Afraid of the Dark? is an action-filled thriller which takes the reader on a tour of the playgrounds of the rich and famous. Tanner Kingsley takes white-collar crime to new heights by using his billion-dollar think tank corporation to create a machine for himself, which can control the weather.", "isbn": "9780007837083", "language": 1, "published_date": "2004-01-01", "number_of_pages": 401, "quality_rating": 5.0, "slug": "are-you-afraid-of-the-dark", "is_featured": false, "book_genre": [9, 2, 11, 52]}}, {"model": "corebookmodels.book", "pk": 64, "fields": {"created_by": 1, "is_active": true, "created_on": "2020-09-18T10:01:52.254Z", "updated_on": "2020-09-18T10:01:52.254Z", "title": "The Stars Shine Down", "book_image": "book_images/Sidney Sheldon/The Stars Shine Down/The_stars_shine_down.jpg", "mrp_price": "640.00", "rental_price": "15.00", "rental_category": 7, "book_condition": "BN", "author_name": 53, "summary": "The Stars Shine Down is classic Sidney Sheldon, featuring the startling shocks and amazing surprises millions of readers have come to expect and love. It is also a highlight in a continuum of virtuoso performances by the man everyone turns to for irresistible romance, cliff-hanger suspense, and the totally unexpected.", "isbn": "9780007926046", "language": 1, "published_date": "1992-09-01", "number_of_pages": 400, "quality_rating": 5.0, "slug": "the-stars-shine-down", "is_featured": false, "book_genre": [16, 9, 2, 11]}}, {"model": "corebookmodels.book", "pk": 65, "fields": {"created_by": 1, "is_active": true, "created_on": "2020-09-18T10:06:12.876Z", "updated_on": "2020-09-18T10:06:12.876Z", "title": "The Windmills of the gods", "book_image": "book_images/Sidney Sheldon/The Windmills of the gods/windmills_of_gods.jpg", "mrp_price": "100.00", "rental_price": "15.00", "rental_category": 7, "book_condition": "F", "author_name": 53, "summary": "A Mid-Western college professor is pitched into a political maelstrom when she is made the US Ambassador to Romania, amidst a plot to widen the gulf between the eastern and western bloc countries.", "isbn": "9780007896677", "language": 1, "published_date": "1987-01-01", "number_of_pages": 456, "quality_rating": 5.0, "slug": "the-windmills-of-the-gods", "is_featured": false, "book_genre": [16, 9, 2, 44]}}, {"model": "corebookmodels.book", "pk": 66, "fields": {"created_by": 1, "is_active": true, "created_on": "2020-09-18T10:15:48.726Z", "updated_on": "2020-09-18T10:15:48.726Z", "title": "The Doomsday Conspiracy", "book_image": "book_images/Sidney Sheldon/The Doomsday Conspiracy/the_doomsday_conspiracy.jpg", "mrp_price": "400.00", "rental_price": "15.00", "rental_category": 7, "book_condition": "F", "author_name": 53, "summary": "When a mysterious weather balloon crashes to earth in the Swiss Alps, the head of the NSA handpicks Robert Bellamy to track down and identify the ten known witnesses to the event. A man whose obsession with his covert assignments has cost him the only woman he can ever love, Bellamy now faces the impossible. But as he searches for clues from Rome to Budapest to Texas, this mission blows up in his face -- and rips the lid off an incredible conspiracy that stretches around the globe and even into space ... Alone and betrayed on every side, Bellamy must run for his life -- holding an astonishing secret and the key to the planet's very survival.", "isbn": "9780688084899", "language": 1, "published_date": "1991-01-01", "number_of_pages": 412, "quality_rating": 5.0, "slug": "the-doomsday-conspiracy", "is_featured": false, "book_genre": [9, 2, 44, 17]}}, {"model": "corebookmodels.book", "pk": 67, "fields": {"created_by": 1, "is_active": true, "created_on": "2020-09-18T10:39:29.802Z", "updated_on": "2020-09-18T10:39:29.802Z", "title": "The Lowland", "book_image": "book_images/Jhumpa Lahari/The Lowland/The_lowlan.jpg", "mrp_price": "640.00", "rental_price": "10.00", "rental_category": 4, "book_condition": "BN", "author_name": 54, "summary": "The Lowland is a sweeping, ambitious story that examines in intimate detail the intersection of the political and the personal, encompassing nearly 50 years of Indian and American history through the lives of one family. The novel ripples out from the beginnings of the Naxalite uprising in West Bengal in 1967.", "isbn": "9788184005752", "language": 1, "published_date": "2013-09-24", "number_of_pages": 340, "quality_rating": 5.0, "slug": "the-lowland", "is_featured": false, "book_genre": [2, 44]}}, {"model": "corebookmodels.book", "pk": 69, "fields": {"created_by": 1, "is_active": true, "created_on": "2020-09-18T10:55:17.375Z", "updated_on": "2020-09-18T10:55:17.375Z", "title": "The Namesake", "book_image": "book_images/Jhumpa Lahari/The Namesake/The_namesake.jpeg", "mrp_price": "560.00", "rental_price": "10.00", "rental_category": 4, "book_condition": "BN", "author_name": 54, "summary": "The Namesake takes the Ganguli family from their tradition-bound life in Calcutta through their fraught transformation into Americans. On the heels of their arranged wedding, Ashoke and Ashima Ganguli settle together in Cambridge, Massachusetts. An engineer by training, Ashoke adapts far less warily than his wife, who resists all things American and pines for her family. When their son is born, the task of naming him betrays the vexed results of bringing old ways to the new world. Named for a Russian writer by his Indian parents in memory of a catastrophe years before, Gogol Ganguli knows only that he suffers the burden of his heritage as well as his odd, antic name. Lahiri brings great empathy to Gogol as he stumbles along the first-generation path, strewn with conflicting loyalties, comic detours, and wrenching love affairs.", "isbn": "9780007258918", "language": 1, "published_date": "2003-09-01", "number_of_pages": 291, "quality_rating": 5.0, "slug": "the-namesake", "is_featured": false, "book_genre": [2, 44]}}, {"model": "corebookmodels.book", "pk": 70, "fields": {"created_by": 1, "is_active": true, "created_on": "2020-09-18T11:03:21.924Z", "updated_on": "2020-09-18T11:03:21.924Z", "title": "The Da Vinci Code", "book_image": "book_images/Dan Brown/The Da Vinci Code/DA_vinci_code.jpg", "mrp_price": "640.00", "rental_price": "15.00", "rental_category": 7, "book_condition": "BN", "author_name": 35, "summary": "The Da Vinci Code follows \"symbologist\" Robert Langdon and cryptologist Sophie Neveu after a murder in the Louvre Museum in Paris causes them to become involved in a battle between the Priory of Sion and Opus Dei over the possibility of Jesus Christ and Mary Magdalene having had a child together.", "isbn": "9780385504201", "language": 1, "published_date": "2003-03-18", "number_of_pages": 728, "quality_rating": 5.0, "slug": "the-da-vinci-code", "is_featured": false, "book_genre": [2, 8, 9, 16, 17]}}, {"model": "corebookmodels.bookratingmodel", "pk": 32, "fields": {"created_by": 1, "is_active": true, "created_on": "2020-09-25T06:52:35.906Z", "updated_on": "2020-09-25T06:52:35.906Z", "rating": "4.0", "book": 62}}, {"model": "corebookmodels.bookratingmodel", "pk": 33, "fields": {"created_by": 1, "is_active": true, "created_on": "2020-09-25T06:52:57.057Z", "updated_on": "2020-09-25T06:52:57.057Z", "rating": "4.0", "book": 60}}, {"model": "corebookmodels.bookratingmodel", "pk": 34, "fields": {"created_by": 3, "is_active": true, "created_on": "2020-09-25T06:53:19.256Z", "updated_on": "2020-09-25T06:53:19.256Z", "rating": "4.0", "book": 62}}, {"model": "corebookmodels.bookratingmodel", "pk": 35, "fields": {"created_by": 3, "is_active": true, "created_on": "2020-09-25T06:55:33.780Z", "updated_on": "2020-09-25T06:55:38.096Z", "rating": "1.0", "book": 60}}, {"model": "corebookmodels.bookratingmodel", "pk": 36, "fields": {"created_by": 3, "is_active": true, "created_on": "2020-09-25T06:56:10.062Z", "updated_on": "2020-09-25T06:56:10.062Z", "rating": "3.0", "book": 44}}, {"model": "corebookmodels.nationality", "pk": 1, "fields": {"created_by": 1, "is_active": true, "created_on": null, "updated_on": null, "name": "United States of America"}}, {"model": "corebookmodels.nationality", "pk": 2, "fields": {"created_by": 1, "is_active": true, "created_on": null, "updated_on": null, "name": "Nepal"}}, {"model": "corebookmodels.nationality", "pk": 3, "fields": {"created_by": 1, "is_active": true, "created_on": null, "updated_on": null, "name": "Canada"}}, {"model": "corebookmodels.nationality", "pk": 4, "fields": {"created_by": 1, "is_active": true, "created_on": null, "updated_on": null, "name": "Brazil"}}, {"model": "corebookmodels.nationality", "pk": 5, "fields": {"created_by": 1, "is_active": true, "created_on": null, "updated_on": null, "name": "Afghanistan"}}, {"model": "corebookmodels.nationality", "pk": 6, "fields": {"created_by": 1, "is_active": true, "created_on": null, "updated_on": null, "name": "Australia"}}, {"model": "corebookmodels.nationality", "pk": 7, "fields": {"created_by": 1, "is_active": true, "created_on": null, "updated_on": null, "name": "Columbia"}}, {"model": "corebookmodels.nationality", "pk": 8, "fields": {"created_by": 1, "is_active": true, "created_on": null, "updated_on": null, "name": "United Kingdom"}}, {"model": "corebookmodels.nationality", "pk": 9, "fields": {"created_by": 1, "is_active": true, "created_on": "2020-09-18T05:56:09.108Z", "updated_on": "2020-09-18T05:56:09.108Z", "name": "Pakistani"}}, {"model": "corebookmodels.nationality", "pk": 10, "fields": {"created_by": 1, "is_active": true, "created_on": "2020-09-18T05:56:20.002Z", "updated_on": "2020-09-18T05:56:20.002Z", "name": "Pakistan"}}, {"model": "corebookmodels.nationality", "pk": 11, "fields": {"created_by": 1, "is_active": true, "created_on": "2020-09-18T06:00:43.742Z", "updated_on": "2020-09-18T06:00:43.742Z", "name": "India"}}, {"model": "corebookmodels.nationality", "pk": 12, "fields": {"created_by": 1, "is_active": true, "created_on": "2020-09-18T07:40:55.551Z", "updated_on": "2020-09-18T07:40:55.551Z", "name": "Germany"}}, {"model": "corebookmodels.author", "pk": 2, "fields": {"created_by": 1, "is_active": false, "created_on": null, "updated_on": null, "name": "Haruki Murakami", "gender": "M", "author_image": "Author_images/Haruki Murakami/kafkaonshore.jpeg", "dateOfBirth": "2020-04-15", "nationality": 1, "dateOfDeath": "2020-04-15", "slug": "haruki-murakami", "genre": [2]}}, {"model": "corebookmodels.author", "pk": 5, "fields": {"created_by": 1, "is_active": false, "created_on": null, "updated_on": null, "name": "J.D. Salinger", "gender": "M", "author_image": "", "dateOfBirth": "1994-09-08", "nationality": 1, "dateOfDeath": "2020-04-12", "slug": "jd-salinger", "genre": []}}, {"model": "corebookmodels.author", "pk": 6, "fields": {"created_by": 1, "is_active": false, "created_on": null, "updated_on": null, "name": "Sylvia Plath", "gender": "F", "author_image": "", "dateOfBirth": "1994-09-08", "nationality": 1, "dateOfDeath": "2020-09-08", "slug": "sylvia-plath", "genre": [2]}}, {"model": "corebookmodels.author", "pk": 7, "fields": {"created_by": 1, "is_active": false, "created_on": null, "updated_on": null, "name": "Mario Puzo", "gender": "M", "author_image": "", "dateOfBirth": "1976-09-08", "nationality": 1, "dateOfDeath": "2020-09-08", "slug": "mario-puzo", "genre": [2]}}, {"model": "corebookmodels.author", "pk": 8, "fields": {"created_by": 1, "is_active": false, "created_on": null, "updated_on": null, "name": "D.H. Lawrence", "gender": "M", "author_image": "", "dateOfBirth": "1906-09-08", "nationality": 1, "dateOfDeath": "2020-09-08", "slug": "dh-lawrence", "genre": [2]}}, {"model": "corebookmodels.author", "pk": 9, "fields": {"created_by": 1, "is_active": false, "created_on": null, "updated_on": null, "name": "Dale Carnegie", "gender": "M", "author_image": "Author_images/Dale Carnegie/dale.jpeg", "dateOfBirth": "1888-11-24", "nationality": 1, "dateOfDeath": "1955-11-01", "slug": "dale-carnegie", "genre": [3, 5]}}, {"model": "corebookmodels.author", "pk": 10, "fields": {"created_by": 1, "is_active": false, "created_on": null, "updated_on": null, "name": "Helen Keller", "gender": "F", "author_image": "Author_images/Helen Keller/KellerHelen2.jpg", "dateOfBirth": "1880-06-27", "nationality": 1, "dateOfDeath": "1968-06-01", "slug": "helen-keller", "genre": [4, 5]}}, {"model": "corebookmodels.author", "pk": 11, "fields": {"created_by": 1, "is_active": false, "created_on": null, "updated_on": null, "name": "Joseph Murphy", "gender": "M", "author_image": "", "dateOfBirth": "1898-05-20", "nationality": 1, "dateOfDeath": "1981-12-16", "slug": "joseph-murphy", "genre": [3, 5]}}, {"model": "corebookmodels.author", "pk": 12, "fields": {"created_by": 1, "is_active": false, "created_on": null, "updated_on": null, "name": "Norman Vincent Peale", "gender": "M", "author_image": "Author_images/Norman Vincent Peale/Norman_V_P.jpg", "dateOfBirth": "1898-05-31", "nationality": 1, "dateOfDeath": "1993-12-24", "slug": "norman-vincent-peale", "genre": [3, 5, 34]}}, {"model": "corebookmodels.author", "pk": 13, "fields": {"created_by": 1, "is_active": false, "created_on": null, "updated_on": null, "name": "Walter Isaacson", "gender": "M", "author_image": "Author_images/Walter Isaacson/Walter_isaacson.jpg", "dateOfBirth": "1952-05-20", "nationality": 1, "dateOfDeath": null, "slug": "walter-isaacson", "genre": [4, 5, 21, 39]}}, {"model": "corebookmodels.author", "pk": 14, "fields": {"created_by": 1, "is_active": false, "created_on": null, "updated_on": null, "name": "Samrat Upadhyay", "gender": "M", "author_image": "Author_images/Samrat Upadhyay/Samrat_U.jpg", "dateOfBirth": "1974-01-01", "nationality": 2, "dateOfDeath": null, "slug": "samrat-upadhyay", "genre": [2, 13]}}, {"model": "corebookmodels.author", "pk": 15, "fields": {"created_by": 1, "is_active": false, "created_on": null, "updated_on": null, "name": "Manjushree Thapa", "gender": "F", "author_image": "Author_images/Manjushree Thapa/manjushree_t.jpg", "dateOfBirth": "1968-01-01", "nationality": 3, "dateOfDeath": null, "slug": "manjushree-thapa", "genre": [2, 13]}}, {"model": "corebookmodels.author", "pk": 20, "fields": {"created_by": 1, "is_active": false, "created_on": null, "updated_on": "2020-09-18T06:49:15.851Z", "name": "Paulo Coelho", "gender": "M", "author_image": "Author_images/Paulo/paulo_c.jpg", "dateOfBirth": "1947-08-24", "nationality": 4, "dateOfDeath": null, "slug": "paulo-coelho", "genre": [2, 4, 5, 11, 32]}}, {"model": "corebookmodels.author", "pk": 21, "fields": {"created_by": 1, "is_active": false, "created_on": null, "updated_on": null, "name": "Mark Manson", "gender": "M", "author_image": "Author_images/Mark Manson/markmanson.jpg", "dateOfBirth": "1984-03-09", "nationality": 1, "dateOfDeath": null, "slug": "mark-manson", "genre": [3]}}, {"model": "corebookmodels.author", "pk": 22, "fields": {"created_by": 1, "is_active": false, "created_on": null, "updated_on": null, "name": "Khaled Hosseini", "gender": "M", "author_image": "Author_images/Khaleed/khaleed_h.jpg", "dateOfBirth": "1965-03-04", "nationality": 5, "dateOfDeath": null, "slug": "khaled-hosseini", "genre": [2, 41]}}, {"model": "corebookmodels.author", "pk": 23, "fields": {"created_by": 1, "is_active": false, "created_on": null, "updated_on": null, "name": "Robin Sharma", "gender": "M", "author_image": "", "dateOfBirth": "1964-06-16", "nationality": 3, "dateOfDeath": null, "slug": "robin-sharma", "genre": [3, 33]}}, {"model": "corebookmodels.author", "pk": 24, "fields": {"created_by": 1, "is_active": false, "created_on": null, "updated_on": null, "name": "Rhonda Byrne", "gender": "F", "author_image": "", "dateOfBirth": "1945-01-03", "nationality": 6, "dateOfDeath": null, "slug": "rhonda-byrne", "genre": [3]}}, {"model": "corebookmodels.author", "pk": 25, "fields": {"created_by": 1, "is_active": false, "created_on": null, "updated_on": null, "name": "Buddhisagar", "gender": "M", "author_image": "Author_images/Buddhisagar/Buddhisagar-Chapai.jpg", "dateOfBirth": "1981-06-02", "nationality": 2, "dateOfDeath": null, "slug": "buddhisagar", "genre": [2, 5, 42]}}, {"model": "corebookmodels.author", "pk": 26, "fields": {"created_by": 1, "is_active": false, "created_on": null, "updated_on": null, "name": "Robert Kiyosaki", "gender": "M", "author_image": "Author_images/Robert Kiyosaki/Robert_k.jpeg", "dateOfBirth": "1947-04-08", "nationality": 1, "dateOfDeath": null, "slug": "robert-kiyosaki", "genre": [5, 25]}}, {"model": "corebookmodels.author", "pk": 27, "fields": {"created_by": 1, "is_active": false, "created_on": null, "updated_on": null, "name": "John Green", "gender": "M", "author_image": "Author_images/John Green/john_g.jpg", "dateOfBirth": "1977-08-24", "nationality": 1, "dateOfDeath": null, "slug": "john-green", "genre": [2, 11, 14, 41]}}, {"model": "corebookmodels.author", "pk": 28, "fields": {"created_by": 1, "is_active": false, "created_on": null, "updated_on": null, "name": "Mitch Albom", "gender": "M", "author_image": "Author_images/Mitch Albom/Mitch_A.jpg", "dateOfBirth": "1958-05-23", "nationality": 1, "dateOfDeath": null, "slug": "mitch-albom", "genre": [2, 4, 35, 41]}}, {"model": "corebookmodels.author", "pk": 29, "fields": {"created_by": 1, "is_active": false, "created_on": null, "updated_on": null, "name": "Gabriel Garcia Marquez", "gender": "M", "author_image": "Author_images/Gabriel Garcia Marquez/Gabriel_G_M.jpg", "dateOfBirth": "1972-03-06", "nationality": 7, "dateOfDeath": "2014-04-17", "slug": "gabriel-garcia-marquez", "genre": [2, 13, 41]}}, {"model": "corebookmodels.author", "pk": 30, "fields": {"created_by": 1, "is_active": false, "created_on": null, "updated_on": null, "name": "Arthur Golden", "gender": "M", "author_image": "Author_images/Arthur Golden/Arthaur_G.jpeg", "dateOfBirth": "1956-12-06", "nationality": 1, "dateOfDeath": null, "slug": "arthur-golden", "genre": [2, 8, 41]}}, {"model": "corebookmodels.author", "pk": 31, "fields": {"created_by": 1, "is_active": false, "created_on": null, "updated_on": null, "name": "Benjamin Graham", "gender": "M", "author_image": "Author_images/Benjamin Graham/Benjamin-Grahamjpg.jpg", "dateOfBirth": "1894-05-09", "nationality": 1, "dateOfDeath": "1976-09-21", "slug": "benjamin-graham", "genre": [5, 25]}}, {"model": "corebookmodels.author", "pk": 32, "fields": {"created_by": 1, "is_active": false, "created_on": null, "updated_on": null, "name": "Judy Blume", "gender": "F", "author_image": "Author_images/Judy Blume/judy_b.jpg", "dateOfBirth": "1938-02-12", "nationality": 1, "dateOfDeath": null, "slug": "judy-blume", "genre": [2, 14]}}, {"model": "corebookmodels.author", "pk": 33, "fields": {"created_by": 1, "is_active": false, "created_on": null, "updated_on": null, "name": "Harper Lee", "gender": "F", "author_image": "Author_images/Harper Lee/Harper_lee.jpg", "dateOfBirth": "1926-04-28", "nationality": 1, "dateOfDeath": "2016-02-19", "slug": "harper-lee", "genre": [2, 41]}}, {"model": "corebookmodels.author", "pk": 34, "fields": {"created_by": 1, "is_active": false, "created_on": null, "updated_on": null, "name": "John Ronald Reuel Tolkien", "gender": "M", "author_image": "Author_images/John Ronald Reuel Tolkien/JRR_Tolkien.jpg", "dateOfBirth": "1892-01-03", "nationality": 8, "dateOfDeath": "1973-09-02", "slug": "john-ronald-reuel-tolkien", "genre": [2, 10, 43]}}, {"model": "corebookmodels.author", "pk": 35, "fields": {"created_by": 1, "is_active": false, "created_on": null, "updated_on": null, "name": "Dan Brown", "gender": "M", "author_image": "Author_images/Dan Brown/dan.jpg", "dateOfBirth": "1964-06-22", "nationality": 1, "dateOfDeath": null, "slug": "dan-brown", "genre": [2, 9, 17]}}, {"model": "corebookmodels.author", "pk": 36, "fields": {"created_by": 1, "is_active": false, "created_on": null, "updated_on": null, "name": "Sagar SJB Rana", "gender": "M", "author_image": "", "dateOfBirth": "2020-09-14", "nationality": 2, "dateOfDeath": null, "slug": "sagar-sjb-rana", "genre": [2, 4, 5, 8]}}, {"model": "corebookmodels.author", "pk": 37, "fields": {"created_by": 1, "is_active": true, "created_on": "2020-09-17T14:28:24.953Z", "updated_on": "2020-09-17T14:28:24.953Z", "name": "Nilam Karki Niharika", "gender": "F", "author_image": "", "dateOfBirth": "1975-04-09", "nationality": 2, "dateOfDeath": null, "slug": "nilam-karki-niharika", "genre": [2, 22]}}, {"model": "corebookmodels.author", "pk": 38, "fields": {"created_by": 1, "is_active": true, "created_on": "2020-09-18T05:56:25.789Z", "updated_on": "2020-09-18T05:56:25.789Z", "name": "Malala Yousafzai", "gender": "F", "author_image": "", "dateOfBirth": "1997-07-12", "nationality": 10, "dateOfDeath": null, "slug": "malala-yousafzai", "genre": [4]}}, {"model": "corebookmodels.author", "pk": 39, "fields": {"created_by": 1, "is_active": true, "created_on": "2020-09-18T06:01:18.195Z", "updated_on": "2020-09-18T06:01:18.195Z", "name": "Peter J. Karthak", "gender": "M", "author_image": "", "dateOfBirth": "1943-12-12", "nationality": 11, "dateOfDeath": "2020-04-22", "slug": "peter-j-karthak", "genre": [2, 5]}}, {"model": "corebookmodels.author", "pk": 40, "fields": {"created_by": 1, "is_active": true, "created_on": "2020-09-18T06:54:43.641Z", "updated_on": "2020-09-18T06:54:43.641Z", "name": "Amar Neupane", "gender": "M", "author_image": "Author_images/Amar Neupane/amar_neupane.jpg", "dateOfBirth": "1976-01-01", "nationality": 2, "dateOfDeath": null, "slug": "amar-neupane", "genre": [2]}}, {"model": "corebookmodels.author", "pk": 41, "fields": {"created_by": 1, "is_active": true, "created_on": "2020-09-18T06:58:45.838Z", "updated_on": "2020-09-18T06:58:45.838Z", "name": "Chetan Bhagat", "gender": "M", "author_image": "Author_images/Chetan Bhagat/Chetan-Bhagat-profile.webp", "dateOfBirth": "1974-04-22", "nationality": 11, "dateOfDeath": null, "slug": "chetan-bhagat", "genre": [2, 5, 42, 11, 44]}}, {"model": "corebookmodels.author", "pk": 42, "fields": {"created_by": 1, "is_active": true, "created_on": "2020-09-18T07:02:00.419Z", "updated_on": "2020-09-18T07:02:00.419Z", "name": "George Orwell", "gender": "M", "author_image": "Author_images/George Orwell/GeorgeOrwell.jpg", "dateOfBirth": "1903-06-25", "nationality": 8, "dateOfDeath": "1950-01-21", "slug": "george-orwell", "genre": [24, 48, 6, 47]}}, {"model": "corebookmodels.author", "pk": 43, "fields": {"created_by": 1, "is_active": true, "created_on": "2020-09-18T07:35:55.738Z", "updated_on": "2020-09-18T07:35:55.738Z", "name": "Paul Kalanithi", "gender": "M", "author_image": "", "dateOfBirth": "1977-04-01", "nationality": 1, "dateOfDeath": "2015-03-09", "slug": "paul-kalanithi", "genre": [4, 5]}}, {"model": "corebookmodels.author", "pk": 44, "fields": {"created_by": 1, "is_active": true, "created_on": "2020-09-18T07:39:16.569Z", "updated_on": "2020-09-18T07:39:16.569Z", "name": "Arundhati Roy", "gender": "F", "author_image": "Author_images/Arundhati Roy/Arundhati_Roy_W.jpg", "dateOfBirth": "1961-11-24", "nationality": 11, "dateOfDeath": null, "slug": "arundhati-roy", "genre": [2, 5, 41, 44, 48, 26]}}, {"model": "corebookmodels.author", "pk": 46, "fields": {"created_by": 1, "is_active": true, "created_on": "2020-09-18T07:43:30.958Z", "updated_on": "2020-09-18T07:43:30.958Z", "name": "Anne Frank", "gender": "F", "author_image": "", "dateOfBirth": "1929-06-12", "nationality": 12, "dateOfDeath": "1945-02-01", "slug": "anne-frank", "genre": [4]}}, {"model": "corebookmodels.author", "pk": 47, "fields": {"created_by": 1, "is_active": true, "created_on": "2020-09-18T08:15:31.688Z", "updated_on": "2020-09-18T08:15:31.688Z", "name": "Bishweshwar Prasad Koirala", "gender": "M", "author_image": "Author_images/Bishweshwar Prasad Koirala/BP_Koirala.jpg", "dateOfBirth": "1914-09-08", "nationality": 2, "dateOfDeath": "1982-07-21", "slug": "bishweshwar-prasad-koirala", "genre": [33, 4, 5, 41, 13, 49, 22, 26]}}, {"model": "corebookmodels.author", "pk": 48, "fields": {"created_by": 1, "is_active": true, "created_on": "2020-09-18T08:19:35.318Z", "updated_on": "2020-09-18T08:19:35.318Z", "name": "Parijat", "gender": "F", "author_image": "Author_images/Parijat/parijat.jpg", "dateOfBirth": "1937-01-01", "nationality": 2, "dateOfDeath": "1993-01-01", "slug": "parijat", "genre": [44, 13, 22]}}, {"model": "corebookmodels.author", "pk": 51, "fields": {"created_by": 1, "is_active": true, "created_on": "2020-09-18T08:23:50.770Z", "updated_on": "2020-09-18T08:23:50.770Z", "name": "Jojo Moyes", "gender": "F", "author_image": "Author_images/Jojo Moyes/jojo-moyes.jpg", "dateOfBirth": "1969-08-04", "nationality": 8, "dateOfDeath": null, "slug": "jojo-moyes", "genre": [11]}}, {"model": "corebookmodels.author", "pk": 53, "fields": {"created_by": 1, "is_active": true, "created_on": "2020-09-18T09:48:21.791Z", "updated_on": "2020-09-18T09:48:21.791Z", "name": "Sidney Sheldon", "gender": "M", "author_image": "Author_images/Sidney Sheldon/sidney_sheldon.jpg", "dateOfBirth": "1917-02-11", "nationality": 1, "dateOfDeath": "2007-01-30", "slug": "sidney-sheldon", "genre": [9, 2, 29, 17]}}, {"model": "corebookmodels.author", "pk": 54, "fields": {"created_by": 1, "is_active": true, "created_on": "2020-09-18T10:28:37.740Z", "updated_on": "2020-09-18T10:28:37.740Z", "name": "Jhumpa Lahari", "gender": "F", "author_image": "Author_images/Jhumpa Lahari/Jhumpa_lahiri.jpg", "dateOfBirth": "1967-07-11", "nationality": 1, "dateOfDeath": null, "slug": "jhumpa-lahari", "genre": [49, 53, 44, 13]}}]